,number,value,datetime_start,datetime_complete,duration,params_mut_0,params_mut_13,params_mut_17,params_mut_20,params_mut_21,params_mut_22,params_mut_28,params_mut_32,params_mut_34,params_mut_35,params_mut_42,params_mut_58,params_mut_8,params_mut_9,user_attrs_pdb_file,user_attrs_raw_result,user_attrs_variant_seq,system_attrs_nsga2:generation,state
0,0,-2.3017697216756305,2023-11-06 12:55:28.670354,2023-11-06 14:21:49.110332,0 days 01:26:20.439978,False,True,False,False,False,False,True,False,False,False,True,False,True,False,/mmfs1/gscratch/cheme/usr/evankomp/repos/nomelt/tmp/optimize_enh1/enh_vs_translate/-4972574093129227231,"[-2.3017697216756305, 0.04183575004597279]",DKRPRTAFTSEQLQRLKREFNENRYLTEQRRQQLSSELGLNESQIKIWFQNKRAKIKK,0,COMPLETE
1,1,-2.2823591547778097,2023-11-06 12:55:28.672431,2023-11-06 14:20:34.415238,0 days 01:25:05.742807,False,True,False,False,False,False,True,False,False,False,True,False,True,False,/mmfs1/gscratch/cheme/usr/evankomp/repos/nomelt/tmp/optimize_enh1/enh_vs_translate/1726419906091056686,"[-2.2823591547778097, 0.051945543124933394]",DKRPRTAFTSEQLQRLKREFNENRYLTEQRRQQLSSELGLNESQIKIWFQNKRAKIKK,0,COMPLETE
2,2,,2023-11-06 12:55:28.674071,2023-11-06 12:55:36.047789,0 days 00:00:07.373718,False,True,False,False,False,False,True,False,False,False,True,False,True,False,,,,0,PRUNED
3,3,,2023-11-06 12:55:28.681829,2023-11-06 12:55:31.136549,0 days 00:00:02.454720,False,True,False,False,False,False,True,False,False,False,True,False,True,False,,,,0,PRUNED
4,4,,2023-11-06 12:55:28.679134,2023-11-06 12:55:35.648442,0 days 00:00:06.969308,False,True,False,False,False,False,True,False,False,False,True,False,True,False,,,,0,PRUNED
5,5,,2023-11-06 12:55:28.678321,2023-11-06 12:55:36.818061,0 days 00:00:08.139740,False,True,False,False,False,False,True,False,False,False,True,False,True,False,,,,0,PRUNED
6,6,,2023-11-06 12:55:28.682376,2023-11-06 12:55:29.950076,0 days 00:00:01.267700,False,True,False,False,False,False,True,False,False,False,True,False,True,False,,,,0,PRUNED
7,7,-2.351812620110573,2023-11-06 12:55:29.959241,2023-11-06 14:45:49.789531,0 days 01:50:19.830290,True,False,False,False,False,False,True,True,True,False,False,True,True,True,/mmfs1/gscratch/cheme/usr/evankomp/repos/nomelt/tmp/optimize_enh1/enh_vs_translate/5161347604036206465,"[-2.351812620110573, 0.04425661406012216]",EKRPRTAFTAEQLARLKREFNENRYLTEQRRQELASELGLNEAQIKIWFQNKRAKIKKASGNK,0,COMPLETE
8,8,,2023-11-06 12:55:31.148412,2023-11-06 12:55:37.446862,0 days 00:00:06.298450,True,False,False,False,False,False,True,True,True,False,False,True,True,True,,,,0,PRUNED
9,9,,2023-11-06 12:55:35.658067,2023-11-06 12:55:44.077761,0 days 00:00:08.419694,True,False,False,False,False,False,True,True,True,False,False,True,True,True,,,,0,PRUNED
10,10,,2023-11-06 12:55:36.054817,2023-11-06 12:55:40.465249,0 days 00:00:04.410432,True,False,False,False,False,False,True,True,True,False,False,True,True,True,,,,0,PRUNED
11,11,,2023-11-06 12:55:36.824525,2023-11-06 12:55:45.352821,0 days 00:00:08.528296,True,False,False,False,False,False,True,True,True,False,False,True,True,True,,,,0,PRUNED
12,12,-2.4086450282190333,2023-11-06 12:55:37.459385,2023-11-06 14:22:17.973774,0 days 01:26:40.514389,True,False,True,False,True,False,False,True,False,True,False,True,True,False,/mmfs1/gscratch/cheme/usr/evankomp/repos/nomelt/tmp/optimize_enh1/enh_vs_translate/-8755073379983944861,"[-2.4086450282190333, 0.08017368984928228]",EKRPRTAFTSEQLARLKAEFNANRYLTERRRQELSRELGLNEAQIKIWFQNKRAKIKKASGNK,0,COMPLETE
13,13,,2023-11-06 12:55:40.471119,2023-11-06 12:55:42.462763,0 days 00:00:01.991644,True,False,True,False,True,False,False,True,False,True,False,True,True,False,,,,0,PRUNED
14,14,-2.314579215226998,2023-11-06 12:55:42.469670,2023-11-06 14:29:11.983641,0 days 01:33:29.513971,False,True,True,True,True,True,True,True,True,True,True,False,True,False,/mmfs1/gscratch/cheme/usr/evankomp/repos/nomelt/tmp/optimize_enh1/enh_vs_translate/-1025685226272954499,"[-2.314579215226998, 0.058882546667655716]",DKRPRTAFTSEQLQRLKAEFQASRYLTEQRRQELARELGLNESQIKIWFQNKRAKIKK,0,COMPLETE
15,15,,2023-11-06 12:55:44.083833,2023-11-06 12:55:47.358583,0 days 00:00:03.274750,True,False,True,False,True,False,False,True,False,True,False,True,True,False,,,,0,PRUNED
16,16,,2023-11-06 12:55:45.361845,2023-11-06 12:55:48.697437,0 days 00:00:03.335592,True,False,True,False,True,False,False,True,False,True,False,True,True,False,,,,0,PRUNED
17,17,,2023-11-06 12:55:47.366322,2023-11-06 12:55:51.509499,0 days 00:00:04.143177,False,True,True,True,True,True,True,True,True,True,True,False,True,False,,,,0,PRUNED
18,18,,2023-11-06 12:55:48.703559,2023-11-06 12:55:56.766181,0 days 00:00:08.062622,False,True,True,True,True,True,True,True,True,True,True,False,True,False,,,,0,PRUNED
19,19,-2.2589898564844537,2023-11-06 12:55:51.521237,2023-11-06 14:31:29.531966,0 days 01:35:38.010729,True,False,False,True,False,False,True,False,False,True,True,True,False,True,/mmfs1/gscratch/cheme/usr/evankomp/repos/nomelt/tmp/optimize_enh1/enh_vs_translate/4113840367040073298,"[-2.2589898564844537, 0.1307377392359643]",EKRPRTAFSAEQLARLKREFQENRYLTEQRRQQLSRELGLNESQIKIWFQNKRAKIKKASGNK,0,COMPLETE
20,20,,2023-11-06 12:55:56.770753,2023-11-06 12:56:06.359491,0 days 00:00:09.588738,True,False,False,True,False,False,True,False,False,True,True,True,False,True,,,,0,PRUNED
21,21,-2.3102731622076553,2023-11-06 12:56:06.369554,2023-11-06 14:35:20.220920,0 days 01:39:13.851366,False,False,False,True,True,False,True,True,False,False,True,False,False,True,/mmfs1/gscratch/cheme/usr/evankomp/repos/nomelt/tmp/optimize_enh1/enh_vs_translate/3799329928006573708,"[-2.3102731622076553, 0.08765231630642602]",DKRPRTAFSAEQLARLKREFQANRYLTEQRRQELSSELGLNESQIKIWFQNKRAKIKK,0,COMPLETE
22,22,,2023-11-06 14:20:34.423357,2023-11-06 14:20:37.921461,0 days 00:00:03.498104,True,False,False,False,False,False,True,True,True,False,False,True,True,True,,,,0,PRUNED
23,23,,2023-11-06 14:20:37.931482,2023-11-06 14:20:39.464101,0 days 00:00:01.532619,True,False,True,False,True,False,False,True,False,True,False,True,True,False,,,,0,PRUNED
24,24,,2023-11-06 14:20:39.474644,2023-11-06 14:20:40.741921,0 days 00:00:01.267277,False,True,True,True,True,True,True,True,True,True,True,False,True,False,,,,0,PRUNED
25,25,,2023-11-06 14:20:40.751084,2023-11-06 14:20:46.037092,0 days 00:00:05.286008,True,False,False,True,False,False,True,False,False,True,True,True,False,True,,,,0,PRUNED
26,26,,2023-11-06 14:20:46.043187,2023-11-06 14:20:52.889476,0 days 00:00:06.846289,False,False,False,True,True,False,True,True,False,False,True,False,False,True,,,,0,PRUNED
27,27,-2.334621023127487,2023-11-06 14:20:52.894389,2023-11-06 15:44:10.560244,0 days 01:23:17.665855,True,False,True,False,True,False,True,False,False,False,False,True,True,True,/mmfs1/gscratch/cheme/usr/evankomp/repos/nomelt/tmp/optimize_enh1/enh_vs_translate/2790755979005084249,"[-2.334621023127487, 0.07056352832335293]",EKRPRTAFTAEQLARLKAEFNANRYLTEQRRQQLSSELGLNEAQIKIWFQNKRAKIKKASGNK,0,COMPLETE
28,28,,2023-11-06 14:21:49.115932,2023-11-06 14:21:53.972017,0 days 00:00:04.856085,True,False,False,False,False,False,True,True,True,False,False,True,True,True,,,,0,PRUNED
29,29,,2023-11-06 14:21:53.979100,2023-11-06 14:22:03.109426,0 days 00:00:09.130326,True,False,True,False,True,False,False,True,False,True,False,True,True,False,,,,0,PRUNED
30,30,,2023-11-06 14:22:03.117774,2023-11-06 14:22:04.936270,0 days 00:00:01.818496,False,True,True,True,True,True,True,True,True,True,True,False,True,False,,,,0,PRUNED
31,31,,2023-11-06 14:22:04.946440,2023-11-06 14:22:05.676744,0 days 00:00:00.730304,True,False,False,True,False,False,True,False,False,True,True,True,False,True,,,,0,PRUNED
32,32,,2023-11-06 14:22:05.687629,2023-11-06 14:22:09.537931,0 days 00:00:03.850302,False,False,False,True,True,False,True,True,False,False,True,False,False,True,,,,0,PRUNED
33,33,,2023-11-06 14:22:09.548209,2023-11-06 14:22:17.901189,0 days 00:00:08.352980,True,False,True,False,True,False,True,False,False,False,False,True,True,True,,,,0,PRUNED
34,34,-2.3466378329092032,2023-11-06 14:22:17.911308,2023-11-06 15:44:32.863614,0 days 01:22:14.952306,False,False,False,True,True,True,False,True,True,False,True,False,True,True,/mmfs1/gscratch/cheme/usr/evankomp/repos/nomelt/tmp/optimize_enh1/enh_vs_translate/-8095255744568838894,"[-2.3466378329092032, 0.05907826607471276]",DKRPRTAFTAEQLARLKREFQASRYLTERRRQELASELGLNESQIKIWFQNKRAKIKK,0,COMPLETE
35,35,,2023-11-06 14:22:17.980321,2023-11-06 14:22:24.344821,0 days 00:00:06.364500,False,True,True,True,True,True,True,True,True,True,True,False,True,False,,,,0,PRUNED
36,36,,2023-11-06 14:22:24.351011,2023-11-06 14:22:26.874935,0 days 00:00:02.523924,True,False,False,True,False,False,True,False,False,True,True,True,False,True,,,,0,PRUNED
37,37,,2023-11-06 14:22:26.883516,2023-11-06 14:22:31.206444,0 days 00:00:04.322928,False,False,False,True,True,False,True,True,False,False,True,False,False,True,,,,0,PRUNED
38,38,,2023-11-06 14:22:31.216446,2023-11-06 14:22:40.859907,0 days 00:00:09.643461,True,False,True,False,True,False,True,False,False,False,False,True,True,True,,,,0,PRUNED
39,39,,2023-11-06 14:22:40.863894,2023-11-06 14:22:50.512346,0 days 00:00:09.648452,False,False,False,True,True,True,False,True,True,False,True,False,True,True,,,,0,PRUNED
40,40,-2.335722588374874,2023-11-06 14:22:50.524538,2023-11-06 15:46:21.429310,0 days 01:23:30.904772,True,True,False,True,False,True,False,False,False,True,False,True,True,False,/mmfs1/gscratch/cheme/usr/evankomp/repos/nomelt/tmp/optimize_enh1/enh_vs_translate/5861338969252787557,"[-2.335722588374874, 0.05295792930161081]",EKRPRTAFTSEQLQRLKREFQESRYLTERRRQQLSRELGLNEAQIKIWFQNKRAKIKKASGNK,0,COMPLETE
41,41,,2023-11-06 14:29:11.992774,2023-11-06 14:29:19.971358,0 days 00:00:07.978584,True,False,False,True,False,False,True,False,False,True,True,True,False,True,,,,0,PRUNED
42,42,,2023-11-06 14:29:19.981114,2023-11-06 14:29:22.129820,0 days 00:00:02.148706,False,False,False,True,True,False,True,True,False,False,True,False,False,True,,,,0,PRUNED
43,43,,2023-11-06 14:29:22.137122,2023-11-06 14:29:25.824943,0 days 00:00:03.687821,True,False,True,False,True,False,True,False,False,False,False,True,True,True,,,,0,PRUNED
44,44,,2023-11-06 14:29:25.833691,2023-11-06 14:29:26.626223,0 days 00:00:00.792532,False,False,False,True,True,True,False,True,True,False,True,False,True,True,,,,0,PRUNED
45,45,,2023-11-06 14:29:26.636626,2023-11-06 14:29:34.812560,0 days 00:00:08.175934,True,True,False,True,False,True,False,False,False,True,False,True,True,False,,,,0,PRUNED
46,46,-2.3317400535400052,2023-11-06 14:29:34.821959,2023-11-06 15:52:52.557811,0 days 01:23:17.735852,False,False,True,True,False,True,False,False,False,False,False,True,False,True,/mmfs1/gscratch/cheme/usr/evankomp/repos/nomelt/tmp/optimize_enh1/enh_vs_translate/-1830873092088798829,"[-2.3317400535400052, 0.05185843624779869]",DKRPRTAFSAEQLARLKAEFQESRYLTERRRQQLSSELGLNEAQIKIWFQNKRAKIKKASGNK,0,COMPLETE
47,47,,2023-11-06 14:31:29.540319,2023-11-06 14:31:35.936374,0 days 00:00:06.396055,False,False,False,True,True,False,True,True,False,False,True,False,False,True,,,,0,PRUNED
48,48,,2023-11-06 14:31:35.943417,2023-11-06 14:31:40.727581,0 days 00:00:04.784164,True,False,True,False,True,False,True,False,False,False,False,True,True,True,,,,0,PRUNED
49,49,,2023-11-06 14:31:40.735022,2023-11-06 14:31:48.281140,0 days 00:00:07.546118,False,False,False,True,True,True,False,True,True,False,True,False,True,True,,,,0,PRUNED
50,50,,2023-11-06 14:31:48.290971,2023-11-06 14:31:50.743944,0 days 00:00:02.452973,True,True,False,True,False,True,False,False,False,True,False,True,True,False,,,,0,PRUNED
51,51,,2023-11-06 14:31:50.750507,2023-11-06 14:31:58.585790,0 days 00:00:07.835283,False,False,True,True,False,True,False,False,False,False,False,True,False,True,,,,0,PRUNED
52,52,-2.3517031401916615,2023-11-06 14:31:58.595697,2023-11-06 15:52:48.789940,0 days 01:20:50.194243,False,False,False,True,False,False,False,True,True,True,True,False,True,False,/mmfs1/gscratch/cheme/usr/evankomp/repos/nomelt/tmp/optimize_enh1/enh_vs_translate/-7470641749653945738,"[-2.3517031401916615, 0.06014591391730033]",DKRPRTAFTSEQLARLKREFQENRYLTERRRQELARELGLNESQIKIWFQNKRAKIKK,0,COMPLETE
53,53,,2023-11-06 14:35:20.228552,2023-11-06 14:35:23.976836,0 days 00:00:03.748284,True,False,True,False,True,False,True,False,False,False,False,True,True,True,,,,0,PRUNED
54,54,,2023-11-06 14:35:23.984319,2023-11-06 14:35:26.446340,0 days 00:00:02.462021,False,False,False,True,True,True,False,True,True,False,True,False,True,True,,,,0,PRUNED
55,55,,2023-11-06 14:35:26.452487,2023-11-06 14:35:31.843632,0 days 00:00:05.391145,True,True,False,True,False,True,False,False,False,True,False,True,True,False,,,,0,PRUNED
56,56,,2023-11-06 14:35:31.848972,2023-11-06 14:35:39.070972,0 days 00:00:07.222000,False,False,True,True,False,True,False,False,False,False,False,True,False,True,,,,0,PRUNED
57,57,,2023-11-06 14:35:39.078488,2023-11-06 14:35:47.855573,0 days 00:00:08.777085,False,False,False,True,False,False,False,True,True,True,True,False,True,False,,,,0,PRUNED
58,58,-2.3392896744650877,2023-11-06 14:35:47.865126,2023-11-06 15:57:27.002542,0 days 01:21:39.137416,False,False,False,True,False,False,True,True,True,False,True,True,True,False,/mmfs1/gscratch/cheme/usr/evankomp/repos/nomelt/tmp/optimize_enh1/enh_vs_translate/-8913976206181461194,"[-2.3392896744650877, 0.06245704590451589]",DKRPRTAFTSEQLARLKREFQENRYLTEQRRQELASELGLNESQIKIWFQNKRAKIKKASGNK,0,COMPLETE
59,59,,2023-11-06 14:45:49.801715,2023-11-06 14:45:58.100788,0 days 00:00:08.299073,True,False,True,False,True,False,False,True,False,True,False,True,True,False,,,,0,PRUNED
60,60,,2023-11-06 14:45:58.106060,2023-11-06 14:46:00.914938,0 days 00:00:02.808878,False,True,True,True,True,True,True,True,True,True,True,False,True,False,,,,0,PRUNED
61,61,,2023-11-06 14:46:00.924328,2023-11-06 14:46:07.909464,0 days 00:00:06.985136,True,False,False,True,False,False,True,False,False,True,True,True,False,True,,,,0,PRUNED
62,62,,2023-11-06 14:46:07.916457,2023-11-06 14:46:08.635241,0 days 00:00:00.718784,False,False,False,True,True,False,True,True,False,False,True,False,False,True,,,,0,PRUNED
63,63,,2023-11-06 14:46:08.641660,2023-11-06 14:46:13.444692,0 days 00:00:04.803032,True,False,True,False,True,False,True,False,False,False,False,True,True,True,,,,0,PRUNED
64,64,,2023-11-06 14:46:13.454687,2023-11-06 14:46:17.590081,0 days 00:00:04.135394,False,False,False,True,True,True,False,True,True,False,True,False,True,True,,,,0,PRUNED
65,65,,2023-11-06 14:46:17.598903,2023-11-06 14:46:27.222302,0 days 00:00:09.623399,True,True,False,True,False,True,False,False,False,True,False,True,True,False,,,,0,PRUNED
66,66,,2023-11-06 14:46:27.233685,2023-11-06 14:46:35.989142,0 days 00:00:08.755457,False,False,True,True,False,True,False,False,False,False,False,True,False,True,,,,0,PRUNED
67,67,,2023-11-06 14:46:35.994818,2023-11-06 14:46:44.789502,0 days 00:00:08.794684,False,False,False,True,False,False,False,True,True,True,True,False,True,False,,,,0,PRUNED
68,68,,2023-11-06 14:46:44.796338,2023-11-06 14:46:46.576144,0 days 00:00:01.779806,False,False,False,True,False,False,True,True,True,False,True,True,True,False,,,,0,PRUNED
69,69,-2.350869046078305,2023-11-06 14:46:46.585443,2023-11-06 16:07:27.459896,0 days 01:20:40.874453,True,True,False,False,True,False,False,False,True,False,True,False,True,True,/mmfs1/gscratch/cheme/usr/evankomp/repos/nomelt/tmp/optimize_enh1/enh_vs_translate/-7546942240139833184,"[-2.350869046078305, 0.04007426068378199]",EKRPRTAFTAEQLQRLKREFNANRYLTERRRQQLASELGLNESQIKIWFQNKRAKIKK,0,COMPLETE
70,70,,2023-11-06 15:44:10.565347,2023-11-06 15:44:14.175905,0 days 00:00:03.610558,False,False,False,True,True,True,False,True,True,False,True,False,True,True,,,,0,PRUNED
71,71,,2023-11-06 15:44:14.179790,2023-11-06 15:44:19.205935,0 days 00:00:05.026145,True,True,False,True,False,True,False,False,False,True,False,True,True,False,,,,0,PRUNED
72,72,,2023-11-06 15:44:19.213312,2023-11-06 15:44:21.244898,0 days 00:00:02.031586,False,False,True,True,False,True,False,False,False,False,False,True,False,True,,,,0,PRUNED
73,73,,2023-11-06 15:44:21.252447,2023-11-06 15:44:31.161853,0 days 00:00:09.909406,False,False,False,True,False,False,False,True,True,True,True,False,True,False,,,,0,PRUNED
74,74,,2023-11-06 15:44:31.173323,2023-11-06 15:44:36.649563,0 days 00:00:05.476240,False,False,False,True,False,False,True,True,True,False,True,True,True,False,,,,0,PRUNED
75,75,,2023-11-06 15:44:32.873438,2023-11-06 15:44:34.534111,0 days 00:00:01.660673,True,True,False,True,False,True,False,False,False,True,False,True,True,False,,,,0,PRUNED
76,76,,2023-11-06 15:44:34.623417,2023-11-06 15:44:38.071156,0 days 00:00:03.447739,False,False,True,True,False,True,False,False,False,False,False,True,False,True,,,,0,PRUNED
77,77,,2023-11-06 15:44:36.654255,2023-11-06 15:44:43.434039,0 days 00:00:06.779784,True,True,False,False,True,False,False,False,True,False,True,False,True,True,,,,0,PRUNED
78,78,,2023-11-06 15:44:38.079617,2023-11-06 15:44:42.481960,0 days 00:00:04.402343,False,False,False,True,False,False,False,True,True,True,True,False,True,False,,,,0,PRUNED
79,79,,2023-11-06 15:44:42.524303,2023-11-06 15:44:50.450758,0 days 00:00:07.926455,False,False,False,True,False,False,True,True,True,False,True,True,True,False,,,,0,PRUNED
80,80,-2.2776864635350154,2023-11-06 15:44:43.443139,2023-11-06 17:08:43.740621,0 days 01:24:00.297482,True,True,False,True,False,True,False,False,False,True,True,True,False,False,/mmfs1/gscratch/cheme/usr/evankomp/repos/nomelt/tmp/optimize_enh1/enh_vs_translate/653963098175341800,"[-2.2776864635350154, 0.04596467869975586]",EKRPRTAFSSEQLQRLKREFQESRYLTERRRQQLSRELGLNESQIKIWFQNKRAKIKKASGNK,0,COMPLETE
81,81,,2023-11-06 15:44:50.457066,2023-11-06 15:45:00.225992,0 days 00:00:09.768926,True,True,False,False,True,False,False,False,True,False,True,False,True,True,,,,0,PRUNED
82,82,,2023-11-06 15:45:00.233373,2023-11-06 15:45:01.528563,0 days 00:00:01.295190,True,True,False,True,False,True,False,False,False,True,True,True,False,False,,,,0,PRUNED
83,83,-2.3246527195498508,2023-11-06 15:45:01.536938,2023-11-06 17:08:32.068146,0 days 01:23:30.531208,True,False,False,True,False,True,False,False,True,True,False,True,False,False,/mmfs1/gscratch/cheme/usr/evankomp/repos/nomelt/tmp/optimize_enh1/enh_vs_translate/-1126766577053742092,"[-2.3246527195498508, 0.09070768866287506]",EKRPRTAFSSEQLARLKREFQESRYLTERRRQQLARELGLNEAQIKIWFQNKRAKIKKASGNK,0,COMPLETE
84,84,-2.446393924905516,2023-11-06 15:46:21.435757,2023-11-06 17:10:54.176972,0 days 01:24:32.741215,True,False,True,False,True,False,False,True,False,True,False,True,True,True,/mmfs1/gscratch/cheme/usr/evankomp/repos/nomelt/tmp/optimize_enh1/enh_vs_translate/-3575419913546179676,"[-2.446393924905516, 0.04347750323745121]",EKRPRTAFTAEQLARLKAEFNANRYLTERRRQELSRELGLNEAQIKIWFQNKRAKIKKASGNK,1,COMPLETE
85,85,-2.387499323972844,2023-11-06 15:52:48.797819,2023-11-06 17:19:05.747500,0 days 01:26:16.949681,True,False,False,True,False,False,False,True,False,True,False,True,True,False,/mmfs1/gscratch/cheme/usr/evankomp/repos/nomelt/tmp/optimize_enh1/enh_vs_translate/-4746725885303056632,"[-2.387499323972844, 0.04532765283295244]",EKRPRTAFTSEQLARLKREFQENRYLTERRRQELSRELGLNEAQIKIWFQNKRAKIKKASGNK,1,COMPLETE
86,86,,2023-11-06 15:52:52.562292,2023-11-06 15:52:58.191256,0 days 00:00:05.628964,True,False,False,True,False,False,False,True,False,True,False,True,True,False,,,,1,PRUNED
87,87,,2023-11-06 15:52:58.196991,2023-11-06 15:53:00.939475,0 days 00:00:02.742484,False,False,False,True,True,True,False,True,True,False,True,False,True,True,,,,1,PRUNED
88,88,-2.3778980720489367,2023-11-06 15:53:00.950736,2023-11-06 17:16:54.892634,0 days 01:23:53.941898,True,False,False,False,True,False,False,True,True,False,True,True,True,True,/mmfs1/gscratch/cheme/usr/evankomp/repos/nomelt/tmp/optimize_enh1/enh_vs_translate/9113538250664858673,"[-2.3778980720489367, 0.08460890426668376]",EKRPRTAFTAEQLARLKREFNANRYLTERRRQELASELGLNESQIKIWFQNKRAKIKKASGNK,1,COMPLETE
89,89,-2.330214440043363,2023-11-06 15:57:27.011135,2023-11-06 17:21:43.642202,0 days 01:24:16.631067,True,True,False,True,False,False,False,True,False,True,True,True,True,False,/mmfs1/gscratch/cheme/usr/evankomp/repos/nomelt/tmp/optimize_enh1/enh_vs_translate/5862964141702336653,"[-2.330214440043363, 0.06485919855465062]",EKRPRTAFTSEQLQRLKREFQENRYLTERRRQELSRELGLNESQIKIWFQNKRAKIKKASGNK,1,COMPLETE
90,90,-2.2841753543194097,2023-11-06 16:07:27.472893,2023-11-06 17:29:35.599834,0 days 01:22:08.126941,True,True,False,True,True,False,False,True,False,True,True,False,True,True,/mmfs1/gscratch/cheme/usr/evankomp/repos/nomelt/tmp/optimize_enh1/enh_vs_translate/-3510762847678683026,"[-2.2841753543194097, 0.05112357479571358]",EKRPRTAFTAEQLQRLKREFQANRYLTERRRQELSRELGLNESQIKIWFQNKRAKIKK,1,COMPLETE
91,91,,2023-11-06 17:08:32.080094,2023-11-06 17:08:42.328341,0 days 00:00:10.248247,True,True,False,True,True,False,False,True,False,True,True,False,True,True,,,,1,PRUNED
92,92,,2023-11-06 17:08:42.357897,2023-11-06 17:08:42.857185,0 days 00:00:00.499288,True,True,False,False,True,False,False,False,True,False,True,False,True,True,,,,1,PRUNED
93,93,-2.319745716246721,2023-11-06 17:08:42.886043,2023-11-06 18:32:50.700140,0 days 01:24:07.814097,False,False,False,True,True,False,False,False,True,False,True,True,True,True,/mmfs1/gscratch/cheme/usr/evankomp/repos/nomelt/tmp/optimize_enh1/enh_vs_translate/1330070917617276679,"[-2.319745716246721, 0.05434990809390069]",DKRPRTAFTAEQLARLKREFQANRYLTERRRQQLASELGLNESQIKIWFQNKRAKIKKASGNK,1,COMPLETE
94,94,,2023-11-06 17:08:43.747680,2023-11-06 17:08:51.858314,0 days 00:00:08.110634,True,True,False,True,True,False,False,True,False,True,True,False,True,True,,,,1,PRUNED
95,95,,2023-11-06 17:08:51.867828,2023-11-06 17:08:54.129377,0 days 00:00:02.261549,True,True,False,False,True,False,False,False,True,False,True,False,True,True,,,,1,PRUNED
96,96,,2023-11-06 17:08:54.135957,2023-11-06 17:08:55.206179,0 days 00:00:01.070222,False,False,False,True,True,False,False,False,True,False,True,True,True,True,,,,1,PRUNED
97,97,-2.4694886988496325,2023-11-06 17:08:55.210205,2023-11-06 18:31:51.724132,0 days 01:22:56.513927,True,False,False,False,True,False,False,True,True,False,False,False,True,True,/mmfs1/gscratch/cheme/usr/evankomp/repos/nomelt/tmp/optimize_enh1/enh_vs_translate/-1103951397146328265,"[-2.4694886988496325, 0.03749272456465114]",EKRPRTAFTAEQLARLKREFNANRYLTERRRQELASELGLNEAQIKIWFQNKRAKIKK,1,COMPLETE
98,98,,2023-11-06 17:10:54.188248,2023-11-06 17:11:01.447745,0 days 00:00:07.259497,True,True,False,False,True,False,False,False,True,False,True,False,True,True,,,,1,PRUNED
99,99,,2023-11-06 17:11:01.457513,2023-11-06 17:11:07.740464,0 days 00:00:06.282951,False,False,False,True,True,False,False,False,True,False,True,True,True,True,,,,1,PRUNED
100,100,,2023-11-06 17:11:07.749532,2023-11-06 17:11:16.417071,0 days 00:00:08.667539,True,False,False,False,True,False,False,True,True,False,False,False,True,True,,,,1,PRUNED
101,101,-2.344811077164456,2023-11-06 17:11:16.426639,2023-11-06 18:35:02.416100,0 days 01:23:45.989461,False,False,False,True,False,False,False,True,True,False,False,True,True,False,/mmfs1/gscratch/cheme/usr/evankomp/repos/nomelt/tmp/optimize_enh1/enh_vs_translate/-2749368327949176243,"[-2.344811077164456, 0.09727886109042608]",DKRPRTAFTSEQLARLKREFQENRYLTERRRQELASELGLNEAQIKIWFQNKRAKIKKASGNK,1,COMPLETE
102,102,-2.4151314771925136,2023-11-06 17:16:54.905901,2023-11-06 18:39:28.330080,0 days 01:22:33.424179,True,True,False,False,True,False,False,True,True,False,False,False,True,True,/mmfs1/gscratch/cheme/usr/evankomp/repos/nomelt/tmp/optimize_enh1/enh_vs_translate/4852771108338175932,"[-2.4151314771925136, 0.05720356091613533]",EKRPRTAFTAEQLQRLKREFNANRYLTERRRQELASELGLNEAQIKIWFQNKRAKIKK,1,COMPLETE
103,103,,2023-11-06 17:19:05.757630,2023-11-06 17:19:06.646256,0 days 00:00:00.888626,True,True,False,False,True,False,False,False,True,False,True,False,True,True,,,,1,PRUNED
104,104,,2023-11-06 17:19:06.653621,2023-11-06 17:19:15.123420,0 days 00:00:08.469799,False,False,False,True,True,False,False,False,True,False,True,True,True,True,,,,1,PRUNED
105,105,,2023-11-06 17:19:15.132954,2023-11-06 17:19:19.778293,0 days 00:00:04.645339,True,True,False,False,True,False,False,True,True,False,False,False,True,True,,,,1,PRUNED
106,106,-2.3695572934634264,2023-11-06 17:19:19.786379,2023-11-06 18:40:00.990071,0 days 01:20:41.203692,False,False,False,True,False,False,False,False,True,False,False,False,True,False,/mmfs1/gscratch/cheme/usr/evankomp/repos/nomelt/tmp/optimize_enh1/enh_vs_translate/-9120110858885567509,"[-2.3695572934634264, 0.032767486668852853]",DKRPRTAFTSEQLARLKREFQENRYLTERRRQQLASELGLNEAQIKIWFQNKRAKIKK,1,COMPLETE
107,107,,2023-11-06 17:21:43.649870,2023-11-06 17:21:51.046415,0 days 00:00:07.396545,True,True,False,False,True,False,False,False,True,False,True,False,True,True,,,,1,PRUNED
108,108,,2023-11-06 17:21:51.056168,2023-11-06 17:21:55.652657,0 days 00:00:04.596489,False,False,False,True,True,False,False,False,True,False,True,True,True,True,,,,1,PRUNED
109,109,,2023-11-06 17:21:55.664690,2023-11-06 17:21:58.895873,0 days 00:00:03.231183,True,True,False,False,True,False,False,True,True,False,False,False,True,True,,,,1,PRUNED
110,110,-2.3830975379463473,2023-11-06 17:21:58.903339,2023-11-06 18:42:38.636029,0 days 01:20:39.732690,False,False,False,True,False,False,False,True,True,False,True,False,True,False,/mmfs1/gscratch/cheme/usr/evankomp/repos/nomelt/tmp/optimize_enh1/enh_vs_translate/4559147441543234024,"[-2.3830975379463473, 0.03476676214036943]",DKRPRTAFTSEQLARLKREFQENRYLTERRRQELASELGLNESQIKIWFQNKRAKIKK,1,COMPLETE
111,111,,2023-11-06 17:29:35.610930,2023-11-06 17:29:38.525483,0 days 00:00:02.914553,True,True,False,False,True,False,False,False,True,False,True,False,True,True,,,,1,PRUNED
112,112,,2023-11-06 17:29:38.531431,2023-11-06 17:29:41.524905,0 days 00:00:02.993474,False,False,False,True,True,False,False,False,True,False,True,True,True,True,,,,1,PRUNED
113,113,,2023-11-06 17:29:41.532104,2023-11-06 17:29:48.199454,0 days 00:00:06.667350,True,False,False,False,True,False,False,True,True,False,False,False,True,True,,,,1,PRUNED
114,114,-2.3471530807059193,2023-11-06 17:29:48.206116,2023-11-06 18:50:49.964856,0 days 01:21:01.758740,False,False,False,True,False,False,False,False,True,False,True,False,True,False,/mmfs1/gscratch/cheme/usr/evankomp/repos/nomelt/tmp/optimize_enh1/enh_vs_translate/2239401507489154807,"[-2.3471530807059193, 0.025981139264091947]",DKRPRTAFTSEQLARLKREFQENRYLTERRRQQLASELGLNESQIKIWFQNKRAKIKK,1,COMPLETE
115,115,,2023-11-06 18:31:51.737961,2023-11-06 18:31:54.997587,0 days 00:00:03.259626,False,False,False,True,False,False,False,False,True,False,False,False,True,False,,,,1,PRUNED
116,116,-2.3444293854916403,2023-11-06 18:31:55.005461,2023-11-06 19:57:11.774114,0 days 01:25:16.768653,False,False,False,True,False,False,True,True,True,False,False,True,True,True,/mmfs1/gscratch/cheme/usr/evankomp/repos/nomelt/tmp/optimize_enh1/enh_vs_translate/-2415803386534662122,"[-2.3444293854916403, 0.050660936160927886]",DKRPRTAFTAEQLARLKREFQENRYLTEQRRQELASELGLNEAQIKIWFQNKRAKIKKASGNK,1,COMPLETE
117,117,,2023-11-06 18:32:50.711838,2023-11-06 18:32:53.065615,0 days 00:00:02.353777,True,True,False,False,True,False,False,True,True,False,False,False,True,True,,,,1,PRUNED
118,118,,2023-11-06 18:32:53.074067,2023-11-06 18:32:58.518885,0 days 00:00:05.444818,False,False,False,True,False,False,False,True,True,False,True,False,True,False,,,,1,PRUNED
119,119,-2.363082714768876,2023-11-06 18:32:58.530761,2023-11-06 19:57:14.479666,0 days 01:24:15.948905,False,False,False,True,False,False,True,True,True,False,False,True,True,False,/mmfs1/gscratch/cheme/usr/evankomp/repos/nomelt/tmp/optimize_enh1/enh_vs_translate/-7488333966253316752,"[-2.363082714768876, 0.06222459201860819]",DKRPRTAFTSEQLARLKREFQENRYLTEQRRQELASELGLNEAQIKIWFQNKRAKIKKASGNK,1,COMPLETE
120,120,,2023-11-06 18:35:02.427021,2023-11-06 18:35:09.072354,0 days 00:00:06.645333,False,False,False,True,False,False,True,True,True,False,False,True,True,True,,,,1,PRUNED
121,121,-2.3292996142366236,2023-11-06 18:35:09.082548,2023-11-06 19:59:36.427905,0 days 01:24:27.345357,True,False,False,True,False,False,True,False,False,False,False,True,True,False,/mmfs1/gscratch/cheme/usr/evankomp/repos/nomelt/tmp/optimize_enh1/enh_vs_translate/-1072438634010426717,"[-2.3292996142366236, 0.07137802846823123]",EKRPRTAFTSEQLARLKREFQENRYLTEQRRQQLSSELGLNEAQIKIWFQNKRAKIKKASGNK,1,COMPLETE
122,122,,2023-11-06 18:39:28.341637,2023-11-06 18:39:38.440320,0 days 00:00:10.098683,False,False,False,True,False,False,False,False,True,False,False,False,True,False,,,,1,PRUNED
123,123,,2023-11-06 18:39:38.448156,2023-11-06 18:39:42.998196,0 days 00:00:04.550040,False,False,False,True,False,False,True,True,True,False,False,True,True,True,,,,1,PRUNED
124,124,,2023-11-06 18:39:43.008684,2023-11-06 18:39:50.433657,0 days 00:00:07.424973,True,False,False,True,False,False,True,False,False,False,False,True,True,False,,,,1,PRUNED
125,125,,2023-11-06 18:39:50.438792,2023-11-06 18:39:51.764477,0 days 00:00:01.325685,True,True,False,True,False,True,False,False,False,True,False,True,True,False,,,,1,PRUNED
126,126,,2023-11-06 18:39:51.777359,2023-11-06 18:39:54.822806,0 days 00:00:03.045447,False,False,False,True,False,False,False,True,True,True,True,False,True,False,,,,1,PRUNED
127,127,-2.3035229679813582,2023-11-06 18:39:54.830257,2023-11-06 20:04:50.641286,0 days 01:24:55.811029,True,False,False,True,False,True,True,True,False,False,False,True,True,True,/mmfs1/gscratch/cheme/usr/evankomp/repos/nomelt/tmp/optimize_enh1/enh_vs_translate/8779317683131879461,"[-2.3035229679813582, 0.0607554277869381]",EKRPRTAFTAEQLARLKREFQESRYLTEQRRQELSSELGLNEAQIKIWFQNKRAKIKKASGNK,1,COMPLETE
128,128,,2023-11-06 18:40:01.000776,2023-11-06 18:40:08.410462,0 days 00:00:07.409686,True,False,True,False,True,False,False,True,False,True,False,True,True,True,,,,2,PRUNED
129,129,-2.3956470016250577,2023-11-06 18:40:08.422273,2023-11-06 20:03:34.134313,0 days 01:23:25.712040,True,False,True,True,False,False,False,False,True,True,False,True,True,False,/mmfs1/gscratch/cheme/usr/evankomp/repos/nomelt/tmp/optimize_enh1/enh_vs_translate/-8673896810051148181,"[-2.3956470016250577, 0.05925598271263161]",EKRPRTAFTSEQLARLKAEFQENRYLTERRRQQLARELGLNEAQIKIWFQNKRAKIKKASGNK,2,COMPLETE
130,130,-2.411037397403959,2023-11-06 18:42:38.646320,2023-11-06 20:05:54.463401,0 days 01:23:15.817081,False,False,True,True,True,False,False,True,False,True,False,False,True,False,/mmfs1/gscratch/cheme/usr/evankomp/repos/nomelt/tmp/optimize_enh1/enh_vs_translate/-4997854333636925353,"[-2.411037397403959, 0.036348627065275335]",DKRPRTAFTSEQLARLKAEFQANRYLTERRRQELSRELGLNEAQIKIWFQNKRAKIKK,2,COMPLETE
131,131,-2.4146368172449844,2023-11-06 18:50:49.971502,2023-11-06 20:13:41.211532,0 days 01:22:51.240030,False,False,True,True,True,False,False,True,False,True,False,False,True,True,/mmfs1/gscratch/cheme/usr/evankomp/repos/nomelt/tmp/optimize_enh1/enh_vs_translate/8766308307347621956,"[-2.4146368172449844, 0.04095885141342368]",DKRPRTAFTAEQLARLKAEFQANRYLTERRRQELSRELGLNEAQIKIWFQNKRAKIKK,2,COMPLETE
132,132,-2.4220881219767243,2023-11-06 19:57:11.782221,2023-11-06 21:20:38.571565,0 days 01:23:26.789344,True,False,True,False,True,False,False,True,True,True,True,True,True,True,/mmfs1/gscratch/cheme/usr/evankomp/repos/nomelt/tmp/optimize_enh1/enh_vs_translate/2456558522260750829,"[-2.4220881219767243, 0.07148168686754613]",EKRPRTAFTAEQLARLKAEFNANRYLTERRRQELARELGLNESQIKIWFQNKRAKIKKASGNK,2,COMPLETE
133,133,-2.3733739775016094,2023-11-06 19:57:14.488636,2023-11-06 21:23:06.907595,0 days 01:25:52.418959,True,False,True,False,True,True,False,True,True,True,True,True,True,True,/mmfs1/gscratch/cheme/usr/evankomp/repos/nomelt/tmp/optimize_enh1/enh_vs_translate/-1162980387882744659,"[-2.3733739775016094, 0.05650478205379292]",EKRPRTAFTAEQLARLKAEFNASRYLTERRRQELARELGLNESQIKIWFQNKRAKIKKASGNK,2,COMPLETE
134,134,,2023-11-06 19:59:36.437749,2023-11-06 19:59:42.660489,0 days 00:00:06.222740,True,False,False,False,True,False,False,True,True,False,True,True,True,True,,,,2,PRUNED
135,135,-2.408993764690172,2023-11-06 19:59:42.667923,2023-11-06 21:25:11.473286,0 days 01:25:28.805363,True,False,False,True,True,False,False,True,False,False,False,False,True,True,/mmfs1/gscratch/cheme/usr/evankomp/repos/nomelt/tmp/optimize_enh1/enh_vs_translate/7669169478303820220,"[-2.408993764690172, 0.028083030062768438]",EKRPRTAFTAEQLARLKREFQANRYLTERRRQELSSELGLNEAQIKIWFQNKRAKIKK,2,COMPLETE
136,136,-2.419037443929854,2023-11-06 20:03:34.144402,2023-11-06 21:26:56.977113,0 days 01:23:22.832711,True,False,False,False,True,False,False,True,True,False,False,True,True,True,/mmfs1/gscratch/cheme/usr/evankomp/repos/nomelt/tmp/optimize_enh1/enh_vs_translate/-8038726719896960033,"[-2.419037443929854, 0.07696464267295226]",EKRPRTAFTAEQLARLKREFNANRYLTERRRQELASELGLNEAQIKIWFQNKRAKIKKASGNK,2,COMPLETE
137,137,,2023-11-06 20:04:50.649244,2023-11-06 20:04:54.520862,0 days 00:00:03.871618,True,False,True,False,True,False,False,True,False,True,False,True,True,True,,,,2,PRUNED
138,138,,2023-11-06 20:04:54.531868,2023-11-06 20:05:04.488510,0 days 00:00:09.956642,True,False,False,False,True,False,False,True,True,False,True,True,True,True,,,,2,PRUNED
139,139,,2023-11-06 20:05:04.498592,2023-11-06 20:05:08.012897,0 days 00:00:03.514305,True,False,False,False,True,False,False,True,True,False,False,False,True,True,,,,2,PRUNED
140,140,-2.4885295940819194,2023-11-06 20:05:08.021003,2023-11-06 21:27:19.621446,0 days 01:22:11.600443,False,False,True,False,True,False,False,True,True,False,False,False,True,False,/mmfs1/gscratch/cheme/usr/evankomp/repos/nomelt/tmp/optimize_enh1/enh_vs_translate/-5389884070161264097,"[-2.4885295940819194, 0.027262266978526396]",DKRPRTAFTSEQLARLKAEFNANRYLTERRRQELASELGLNEAQIKIWFQNKRAKIKK,2,COMPLETE
141,141,,2023-11-06 20:05:54.473988,2023-11-06 20:06:04.316844,0 days 00:00:09.842856,True,False,True,False,True,True,False,True,True,True,True,True,True,True,,,,2,PRUNED
142,142,,2023-11-06 20:06:04.324969,2023-11-06 20:06:08.447914,0 days 00:00:04.122945,True,False,False,False,True,False,False,True,True,False,False,True,True,True,,,,2,PRUNED
143,143,,2023-11-06 20:06:08.458810,2023-11-06 20:06:13.898316,0 days 00:00:05.439506,True,False,False,True,True,False,False,True,False,False,False,False,True,True,,,,2,PRUNED
144,144,-2.3672976209251706,2023-11-06 20:06:13.907379,2023-11-06 21:28:28.705204,0 days 01:22:14.797825,True,False,False,False,True,False,True,True,True,True,True,True,True,True,/mmfs1/gscratch/cheme/usr/evankomp/repos/nomelt/tmp/optimize_enh1/enh_vs_translate/-990458242469126408,"[-2.3672976209251706, 0.05915157535402615]",EKRPRTAFTAEQLARLKREFNANRYLTEQRRQELARELGLNESQIKIWFQNKRAKIKKASGNK,2,COMPLETE
145,145,,2023-11-06 20:13:41.217948,2023-11-06 20:13:44.330891,0 days 00:00:03.112943,True,False,True,False,True,False,False,True,True,True,True,True,True,True,,,,2,PRUNED
146,146,,2023-11-06 20:13:44.340578,2023-11-06 20:13:46.899650,0 days 00:00:02.559072,True,False,False,False,True,False,False,True,True,False,True,True,True,True,,,,2,PRUNED
147,147,,2023-11-06 20:13:46.905219,2023-11-06 20:13:55.437641,0 days 00:00:08.532422,True,False,False,True,True,False,False,True,False,False,False,False,True,True,,,,2,PRUNED
148,148,-2.3471553025206173,2023-11-06 20:13:55.450187,2023-11-06 21:36:44.748259,0 days 01:22:49.298072,True,False,False,False,True,False,False,True,True,True,True,True,True,True,/mmfs1/gscratch/cheme/usr/evankomp/repos/nomelt/tmp/optimize_enh1/enh_vs_translate/6591041111024602167,"[-2.3471553025206173, 0.08656926506040942]",EKRPRTAFTAEQLARLKREFNANRYLTERRRQELARELGLNESQIKIWFQNKRAKIKKASGNK,2,COMPLETE
149,149,,2023-11-06 21:20:38.581123,2023-11-06 21:20:40.600581,0 days 00:00:02.019458,True,False,False,False,True,False,False,True,True,False,True,True,True,True,,,,2,PRUNED
150,150,,2023-11-06 21:20:40.618133,2023-11-06 21:20:46.422801,0 days 00:00:05.804668,True,False,False,True,True,False,False,True,False,False,False,False,True,True,,,,2,PRUNED
151,151,,2023-11-06 21:20:46.449653,2023-11-06 21:20:50.385818,0 days 00:00:03.936165,True,False,False,False,True,False,True,True,True,True,True,True,True,True,,,,2,PRUNED
152,152,,2023-11-06 21:20:50.416471,2023-11-06 21:20:50.964998,0 days 00:00:00.548527,True,False,True,False,True,False,False,True,False,True,False,True,True,True,,,,2,PRUNED
153,153,,2023-11-06 21:20:50.975308,2023-11-06 21:20:58.709934,0 days 00:00:07.734626,True,False,False,False,True,False,False,True,True,False,True,True,True,True,,,,2,PRUNED
154,154,-2.3520483961418694,2023-11-06 21:20:58.714472,2023-11-06 22:41:55.478431,0 days 01:20:56.763959,False,False,False,False,True,False,False,True,True,False,True,False,True,True,/mmfs1/gscratch/cheme/usr/evankomp/repos/nomelt/tmp/optimize_enh1/enh_vs_translate/6668890939571114630,"[-2.3520483961418694, 0.05681627423445788]",DKRPRTAFTAEQLARLKREFNANRYLTERRRQELASELGLNESQIKIWFQNKRAKIKK,2,COMPLETE
155,155,,2023-11-06 21:23:06.913553,2023-11-06 21:23:13.490462,0 days 00:00:06.576909,True,False,False,False,True,False,False,True,True,False,True,True,True,True,,,,2,PRUNED
156,156,,2023-11-06 21:23:13.499884,2023-11-06 21:23:22.032636,0 days 00:00:08.532752,True,False,False,True,True,False,False,True,False,False,False,False,True,True,,,,2,PRUNED
157,157,,2023-11-06 21:23:22.040668,2023-11-06 21:23:29.904259,0 days 00:00:07.863591,True,False,False,False,True,False,False,True,True,True,True,True,True,True,,,,2,PRUNED
158,158,,2023-11-06 21:23:29.914366,2023-11-06 21:23:30.879039,0 days 00:00:00.964673,True,False,True,False,True,False,False,True,False,True,False,True,True,True,,,,2,PRUNED
159,159,-2.4015535451860335,2023-11-06 21:23:30.889908,2023-11-06 22:45:38.145009,0 days 01:22:07.255101,True,False,False,False,True,False,False,True,True,False,True,True,False,True,/mmfs1/gscratch/cheme/usr/evankomp/repos/nomelt/tmp/optimize_enh1/enh_vs_translate/8500134783424543446,"[-2.4015535451860335, 0.06115055626665411]",EKRPRTAFSAEQLARLKREFNANRYLTERRRQELASELGLNESQIKIWFQNKRAKIKKASGNK,2,COMPLETE
160,160,,2023-11-06 21:25:11.483404,2023-11-06 21:25:15.844191,0 days 00:00:04.360787,True,False,False,False,True,False,False,True,True,True,True,True,True,True,,,,2,PRUNED
161,161,,2023-11-06 21:25:15.853277,2023-11-06 21:25:17.387444,0 days 00:00:01.534167,True,False,True,False,True,False,False,True,False,True,False,True,True,True,,,,2,PRUNED
162,162,,2023-11-06 21:25:17.398942,2023-11-06 21:25:18.247145,0 days 00:00:00.848203,True,False,False,False,True,False,False,True,True,False,True,True,False,True,,,,2,PRUNED
163,163,,2023-11-06 21:25:18.257636,2023-11-06 21:25:26.869298,0 days 00:00:08.611662,False,False,False,False,True,False,False,True,True,False,True,False,True,True,,,,2,PRUNED
164,164,,2023-11-06 21:25:26.874086,2023-11-06 21:25:35.897177,0 days 00:00:09.023091,False,False,True,False,True,False,False,True,True,False,False,False,True,False,,,,2,PRUNED
165,165,-2.398137869902072,2023-11-06 21:25:35.905806,2023-11-06 22:46:35.706087,0 days 01:20:59.800281,True,False,False,False,False,False,False,True,True,False,False,False,True,True,/mmfs1/gscratch/cheme/usr/evankomp/repos/nomelt/tmp/optimize_enh1/enh_vs_translate/8426918735900412709,"[-2.398137869902072, 0.025457936298637025]",EKRPRTAFTAEQLARLKREFNENRYLTERRRQELASELGLNEAQIKIWFQNKRAKIKK,2,COMPLETE
166,166,-2.391319720336306,2023-11-06 21:26:56.987157,2023-11-06 22:46:47.128455,0 days 01:19:50.141298,True,False,True,True,True,False,False,True,False,False,False,False,True,True,/mmfs1/gscratch/cheme/usr/evankomp/repos/nomelt/tmp/optimize_enh1/enh_vs_translate/-7785039943401682597,"[-2.391319720336306, 0.10062874090164836]",EKRPRTAFTAEQLARLKAEFQANRYLTERRRQELSSELGLNEAQIKIWFQNKRAKIKK,2,COMPLETE
167,167,,2023-11-06 21:27:19.633057,2023-11-06 21:27:20.992171,0 days 00:00:01.359114,True,False,False,False,False,False,False,True,True,False,False,False,True,True,,,,2,PRUNED
168,168,-2.408000547471536,2023-11-06 21:27:20.998751,2023-11-06 22:49:47.768721,0 days 01:22:26.769970,False,False,True,False,False,False,False,True,False,False,False,False,True,False,/mmfs1/gscratch/cheme/usr/evankomp/repos/nomelt/tmp/optimize_enh1/enh_vs_translate/420139330160144948,"[-2.408000547471536, 0.026558632553088476]",DKRPRTAFTSEQLARLKAEFNENRYLTERRRQELSSELGLNEAQIKIWFQNKRAKIKK,2,COMPLETE
169,169,,2023-11-06 21:28:28.715268,2023-11-06 21:28:33.283849,0 days 00:00:04.568581,True,False,True,False,True,False,False,True,False,True,False,True,True,True,,,,2,PRUNED
170,170,,2023-11-06 21:28:33.293604,2023-11-06 21:28:35.443965,0 days 00:00:02.150361,True,False,False,False,True,False,False,True,True,False,True,True,False,True,,,,2,PRUNED
171,171,,2023-11-06 21:28:35.451483,2023-11-06 21:28:36.066796,0 days 00:00:00.615313,True,False,False,False,True,False,False,True,True,False,False,False,True,True,,,,2,PRUNED
172,172,-2.395537252931725,2023-11-06 21:28:36.072657,2023-11-06 22:57:03.557386,0 days 01:28:27.484729,False,False,True,True,True,False,False,False,True,False,False,False,True,False,/mmfs1/gscratch/cheme/usr/evankomp/repos/nomelt/tmp/optimize_enh1/enh_vs_translate/-1485083827287550323,"[-2.395537252931725, 0.12055204388830586]",DKRPRTAFTSEQLARLKAEFQANRYLTERRRQQLASELGLNEAQIKIWFQNKRAKIKK,2,COMPLETE
173,173,,2023-11-06 21:36:44.761020,2023-11-06 21:36:52.510238,0 days 00:00:07.749218,True,False,False,False,True,False,False,True,True,False,False,True,True,True,,,,3,PRUNED
174,174,,2023-11-06 21:36:52.520985,2023-11-06 21:37:00.195810,0 days 00:00:07.674825,False,False,True,True,True,False,False,True,False,True,False,False,True,True,,,,3,PRUNED
175,175,-2.3823955793045966,2023-11-06 21:37:00.205129,2023-11-06 22:57:51.541779,0 days 01:20:51.336650,True,False,True,False,True,False,False,True,False,False,True,False,True,True,/mmfs1/gscratch/cheme/usr/evankomp/repos/nomelt/tmp/optimize_enh1/enh_vs_translate/-8215897400874265438,"[-2.3823955793045966, 0.033584620267162586]",EKRPRTAFTAEQLARLKAEFNANRYLTERRRQELSSELGLNESQIKIWFQNKRAKIKK,3,COMPLETE
176,176,-2.3912726352511684,2023-11-06 22:41:55.489532,2023-11-07 00:02:49.815899,0 days 01:20:54.326367,True,True,True,True,True,False,False,True,True,False,True,False,True,True,/mmfs1/gscratch/cheme/usr/evankomp/repos/nomelt/tmp/optimize_enh1/enh_vs_translate/3193165959957858178,"[-2.3912726352511684, 0.06920155134178242]",EKRPRTAFTAEQLQRLKAEFQANRYLTERRRQELASELGLNESQIKIWFQNKRAKIKK,3,COMPLETE
177,177,-2.36185447910636,2023-11-06 22:45:38.152949,2023-11-07 00:06:10.413865,0 days 01:20:32.260916,False,False,True,False,True,False,False,True,False,False,True,False,True,True,/mmfs1/gscratch/cheme/usr/evankomp/repos/nomelt/tmp/optimize_enh1/enh_vs_translate/-7651699245206612266,"[-2.36185447910636, 0.03988439481093539]",DKRPRTAFTAEQLARLKAEFNANRYLTERRRQELSSELGLNESQIKIWFQNKRAKIKK,3,COMPLETE
178,178,-2.29520247782702,2023-11-06 22:46:35.713500,2023-11-07 00:07:10.685975,0 days 01:20:34.972475,True,True,True,False,True,False,False,True,False,False,True,False,True,True,/mmfs1/gscratch/cheme/usr/evankomp/repos/nomelt/tmp/optimize_enh1/enh_vs_translate/-6222689688136107222,"[-2.29520247782702, 0.06159198948886433]",EKRPRTAFTAEQLQRLKAEFNANRYLTERRRQELSSELGLNESQIKIWFQNKRAKIKK,3,COMPLETE
179,179,-2.380505913376954,2023-11-06 22:46:47.140078,2023-11-07 00:07:12.349472,0 days 01:20:25.209394,True,False,True,True,True,True,True,True,False,False,False,False,True,True,/mmfs1/gscratch/cheme/usr/evankomp/repos/nomelt/tmp/optimize_enh1/enh_vs_translate/7193451715537897585,"[-2.380505913376954, 0.056336210504229815]",EKRPRTAFTAEQLARLKAEFQASRYLTEQRRQELSSELGLNEAQIKIWFQNKRAKIKK,3,COMPLETE
180,180,-2.4341277161438217,2023-11-06 22:49:47.775995,2023-11-07 00:12:05.011355,0 days 01:22:17.235360,True,True,True,False,True,False,False,True,False,True,False,True,True,True,/mmfs1/gscratch/cheme/usr/evankomp/repos/nomelt/tmp/optimize_enh1/enh_vs_translate/-2897232921363772806,"[-2.4341277161438217, 0.039103271850689555]",EKRPRTAFTAEQLQRLKAEFNANRYLTERRRQELSRELGLNEAQIKIWFQNKRAKIKKASGNK,3,COMPLETE
181,181,,2023-11-06 22:57:03.567869,2023-11-06 22:57:12.245949,0 days 00:00:08.678080,False,False,True,False,True,False,False,True,True,False,False,False,True,False,,,,3,PRUNED
182,182,,2023-11-06 22:57:12.254699,2023-11-06 22:57:16.385196,0 days 00:00:04.130497,True,True,True,False,True,False,False,True,False,False,True,False,True,True,,,,3,PRUNED
183,183,,2023-11-06 22:57:16.393031,2023-11-06 22:57:21.834546,0 days 00:00:05.441515,True,True,True,False,True,False,False,True,False,True,False,True,True,True,,,,3,PRUNED
184,184,-2.447025081690108,2023-11-06 22:57:21.845067,2023-11-07 00:16:45.859286,0 days 01:19:24.014219,True,False,False,False,True,False,False,True,True,True,False,False,True,True,/mmfs1/gscratch/cheme/usr/evankomp/repos/nomelt/tmp/optimize_enh1/enh_vs_translate/-6213284549708468582,"[-2.447025081690108, 0.05144375536024655]",EKRPRTAFTAEQLARLKREFNANRYLTERRRQELARELGLNEAQIKIWFQNKRAKIKK,3,COMPLETE
185,185,-2.3034590684702576,2023-11-06 22:57:51.552843,2023-11-07 00:17:48.332201,0 days 01:19:56.779358,True,True,True,True,True,False,False,False,True,False,True,False,True,True,/mmfs1/gscratch/cheme/usr/evankomp/repos/nomelt/tmp/optimize_enh1/enh_vs_translate/-868204074065711865,"[-2.3034590684702576, 0.10275701896860072]",EKRPRTAFTAEQLQRLKAEFQANRYLTERRRQQLASELGLNESQIKIWFQNKRAKIKK,3,COMPLETE
186,186,-2.408806139711558,2023-11-07 00:02:49.821334,2023-11-07 01:24:14.106332,0 days 01:21:24.284998,False,True,True,False,True,False,False,True,True,False,False,False,True,False,/mmfs1/gscratch/cheme/usr/evankomp/repos/nomelt/tmp/optimize_enh1/enh_vs_translate/6205601931140824538,"[-2.408806139711558, 0.05307898723999291]",DKRPRTAFTSEQLQRLKAEFNANRYLTERRRQELASELGLNEAQIKIWFQNKRAKIKK,3,COMPLETE
187,187,-2.3751045565239624,2023-11-07 00:06:10.424147,2023-11-07 01:27:26.648967,0 days 01:21:16.224820,True,True,True,False,True,False,False,True,True,False,True,False,True,True,/mmfs1/gscratch/cheme/usr/evankomp/repos/nomelt/tmp/optimize_enh1/enh_vs_translate/-3202724290623613423,"[-2.3751045565239624, 0.09653241494536316]",EKRPRTAFTAEQLQRLKAEFNANRYLTERRRQELASELGLNESQIKIWFQNKRAKIKK,3,COMPLETE
188,188,,2023-11-07 00:07:10.693181,2023-11-07 00:07:12.706529,0 days 00:00:02.013348,True,True,True,False,True,False,False,True,False,True,False,True,True,True,,,,3,PRUNED
189,189,,2023-11-07 00:07:12.359811,2023-11-07 00:07:15.493706,0 days 00:00:03.133895,True,False,False,False,True,False,False,True,True,False,False,True,True,True,,,,3,PRUNED
190,190,,2023-11-07 00:07:12.716710,2023-11-07 00:07:16.526368,0 days 00:00:03.809658,True,False,False,False,True,False,False,True,True,True,False,False,True,True,,,,3,PRUNED
191,191,-2.3976056669574217,2023-11-07 00:07:15.499578,2023-11-07 01:31:59.871271,0 days 01:24:44.371693,False,False,True,True,True,False,False,True,False,True,False,False,False,True,/mmfs1/gscratch/cheme/usr/evankomp/repos/nomelt/tmp/optimize_enh1/enh_vs_translate/-684963801005947097,"[-2.3976056669574217, 0.11366090432626971]",DKRPRTAFSAEQLARLKAEFQANRYLTERRRQELSRELGLNEAQIKIWFQNKRAKIKK,3,COMPLETE
192,192,-2.4880354960580444,2023-11-07 00:07:16.532879,2023-11-07 01:28:52.685815,0 days 01:21:36.152936,False,False,True,False,True,False,False,True,True,False,False,False,True,True,/mmfs1/gscratch/cheme/usr/evankomp/repos/nomelt/tmp/optimize_enh1/enh_vs_translate/7629968343106399702,"[-2.4880354960580444, 0.027156077326955477]",DKRPRTAFTAEQLARLKAEFNANRYLTERRRQELASELGLNEAQIKIWFQNKRAKIKK,3,COMPLETE
193,193,,2023-11-07 00:12:05.021840,2023-11-07 00:12:08.544479,0 days 00:00:03.522639,True,False,False,False,True,False,False,True,True,True,False,False,True,True,,,,3,PRUNED
194,194,,2023-11-07 00:12:08.555090,2023-11-07 00:12:15.307076,0 days 00:00:06.751986,False,False,True,False,True,False,False,True,True,False,False,False,True,True,,,,3,PRUNED
195,195,-2.4700752380589734,2023-11-07 00:12:15.316653,2023-11-07 01:36:51.599999,0 days 01:24:36.283346,True,False,True,False,True,False,False,True,True,True,False,True,True,True,/mmfs1/gscratch/cheme/usr/evankomp/repos/nomelt/tmp/optimize_enh1/enh_vs_translate/-2529755249709721683,"[-2.4700752380589734, 0.04908691889409989]",EKRPRTAFTAEQLARLKAEFNANRYLTERRRQELARELGLNEAQIKIWFQNKRAKIKKASGNK,3,COMPLETE
196,196,,2023-11-07 00:16:45.868575,2023-11-07 00:16:55.644475,0 days 00:00:09.775900,False,False,True,False,True,False,False,True,True,False,False,False,True,True,,,,3,PRUNED
197,197,,2023-11-07 00:16:55.652568,2023-11-07 00:17:02.396998,0 days 00:00:06.744430,True,False,True,False,True,False,False,True,True,True,False,True,True,True,,,,3,PRUNED
198,198,-2.402978539996429,2023-11-07 00:17:02.408749,2023-11-07 01:36:43.242180,0 days 01:19:40.833431,True,False,False,True,True,False,False,True,False,True,False,False,True,True,/mmfs1/gscratch/cheme/usr/evankomp/repos/nomelt/tmp/optimize_enh1/enh_vs_translate/-8610405872153756219,"[-2.402978539996429, 0.03427370403816314]",EKRPRTAFTAEQLARLKREFQANRYLTERRRQELSRELGLNEAQIKIWFQNKRAKIKK,3,COMPLETE
199,199,-2.4549700275256185,2023-11-07 00:17:48.342306,2023-11-07 01:38:08.498530,0 days 01:20:20.156224,False,False,True,False,False,False,False,True,True,False,False,False,True,False,/mmfs1/gscratch/cheme/usr/evankomp/repos/nomelt/tmp/optimize_enh1/enh_vs_translate/-8194576556624569387,"[-2.4549700275256185, 0.0401301205408066]",DKRPRTAFTSEQLARLKAEFNENRYLTERRRQELASELGLNEAQIKIWFQNKRAKIKK,3,COMPLETE
200,200,,2023-11-07 01:24:14.114707,2023-11-07 01:24:15.816661,0 days 00:00:01.701954,True,True,True,False,True,False,False,True,False,False,True,False,True,True,,,,3,PRUNED
201,201,-2.4246804008318423,2023-11-07 01:24:15.828728,2023-11-07 02:46:38.041318,0 days 01:22:22.212590,True,False,True,False,True,False,True,True,False,True,False,True,True,True,/mmfs1/gscratch/cheme/usr/evankomp/repos/nomelt/tmp/optimize_enh1/enh_vs_translate/-2119492840432979234,"[-2.4246804008318423, 0.063017622146685]",EKRPRTAFTAEQLARLKAEFNANRYLTEQRRQELSRELGLNEAQIKIWFQNKRAKIKKASGNK,3,COMPLETE
202,202,,2023-11-07 01:27:26.654925,2023-11-07 01:27:30.739898,0 days 00:00:04.084973,False,False,True,False,True,False,False,True,True,False,False,False,True,False,,,,4,PRUNED
203,203,,2023-11-07 01:27:30.745605,2023-11-07 01:27:39.604386,0 days 00:00:08.858781,True,False,True,False,True,False,False,True,False,True,False,True,True,True,,,,4,PRUNED
204,204,,2023-11-07 01:27:39.610168,2023-11-07 01:27:39.962907,0 days 00:00:00.352739,True,False,False,False,True,False,False,True,True,True,False,False,True,True,,,,4,PRUNED
205,205,,2023-11-07 01:27:39.969572,2023-11-07 01:27:49.713588,0 days 00:00:09.744016,True,False,False,False,True,False,False,True,True,True,False,False,True,True,,,,4,PRUNED
206,206,,2023-11-07 01:27:49.722467,2023-11-07 01:27:52.946752,0 days 00:00:03.224285,False,False,True,False,True,False,False,True,True,False,False,False,True,True,,,,4,PRUNED
207,207,-2.362886064105379,2023-11-07 01:27:52.954791,2023-11-07 02:49:20.821687,0 days 01:21:27.866896,True,False,False,False,True,False,False,True,True,True,True,False,True,True,/mmfs1/gscratch/cheme/usr/evankomp/repos/nomelt/tmp/optimize_enh1/enh_vs_translate/-1965995766751063327,"[-2.362886064105379, 0.09300744613476303]",EKRPRTAFTAEQLARLKREFNANRYLTERRRQELARELGLNESQIKIWFQNKRAKIKK,4,COMPLETE
208,208,-2.41101129013848,2023-11-07 01:28:52.695977,2023-11-07 02:50:33.576749,0 days 01:21:40.880772,True,False,False,False,True,False,False,True,False,False,False,False,True,True,/mmfs1/gscratch/cheme/usr/evankomp/repos/nomelt/tmp/optimize_enh1/enh_vs_translate/-2578640634991402044,"[-2.41101129013848, 0.04478730955850243]",EKRPRTAFTAEQLARLKREFNANRYLTERRRQELSSELGLNEAQIKIWFQNKRAKIKK,4,COMPLETE
209,209,-2.4537259922440695,2023-11-07 01:31:59.880090,2023-11-07 02:53:01.805254,0 days 01:21:01.925164,True,False,True,False,True,False,False,True,True,False,True,False,True,True,/mmfs1/gscratch/cheme/usr/evankomp/repos/nomelt/tmp/optimize_enh1/enh_vs_translate/-7209632591740852269,"[-2.4537259922440695, 0.023031896439379397]",EKRPRTAFTAEQLARLKAEFNANRYLTERRRQELASELGLNESQIKIWFQNKRAKIKK,4,COMPLETE
210,210,,2023-11-07 01:36:43.251121,2023-11-07 01:36:46.505873,0 days 00:00:03.254752,False,False,True,False,True,False,False,True,True,False,False,False,True,True,,,,4,PRUNED
211,211,-2.45469843487753,2023-11-07 01:36:46.514887,2023-11-07 03:00:54.757924,0 days 01:24:08.243037,True,False,True,False,True,False,False,True,True,False,False,True,True,True,/mmfs1/gscratch/cheme/usr/evankomp/repos/nomelt/tmp/optimize_enh1/enh_vs_translate/6698285072336705214,"[-2.45469843487753, 0.07702034247804031]",EKRPRTAFTAEQLARLKAEFNANRYLTERRRQELASELGLNEAQIKIWFQNKRAKIKKASGNK,4,COMPLETE
212,212,-2.3837674733566567,2023-11-07 01:36:51.607284,2023-11-07 02:59:56.369450,0 days 01:23:04.762166,False,False,True,False,True,False,False,True,False,True,False,True,True,True,/mmfs1/gscratch/cheme/usr/evankomp/repos/nomelt/tmp/optimize_enh1/enh_vs_translate/-5928751353302147318,"[-2.3837674733566567, 0.0990362374371757]",DKRPRTAFTAEQLARLKAEFNANRYLTERRRQELSRELGLNEAQIKIWFQNKRAKIKKASGNK,4,COMPLETE
213,213,-2.418978424509417,2023-11-07 01:38:08.509342,2023-11-07 03:05:57.796018,0 days 01:27:49.286676,True,False,False,False,True,False,False,True,False,True,False,False,True,True,/mmfs1/gscratch/cheme/usr/evankomp/repos/nomelt/tmp/optimize_enh1/enh_vs_translate/7597039325948998623,"[-2.418978424509417, 0.03562190128327766]",EKRPRTAFTAEQLARLKREFNANRYLTERRRQELSRELGLNEAQIKIWFQNKRAKIKK,4,COMPLETE
214,214,,2023-11-07 02:46:38.053447,2023-11-07 02:46:41.547041,0 days 00:00:03.493594,False,False,True,False,True,False,False,True,True,False,False,False,True,True,,,,4,PRUNED
215,215,,2023-11-07 02:46:41.556737,2023-11-07 02:46:43.347219,0 days 00:00:01.790482,False,False,True,False,True,False,False,True,True,False,False,False,True,True,,,,4,PRUNED
216,216,,2023-11-07 02:46:43.358854,2023-11-07 02:46:45.247423,0 days 00:00:01.888569,True,False,True,False,True,False,False,True,True,True,False,True,True,True,,,,4,PRUNED
217,217,,2023-11-07 02:46:45.256500,2023-11-07 02:46:53.307938,0 days 00:00:08.051438,False,False,True,False,True,False,False,True,False,True,False,True,True,True,,,,4,PRUNED
218,218,,2023-11-07 02:46:53.314054,2023-11-07 02:46:58.489086,0 days 00:00:05.175032,False,False,True,False,True,False,False,True,True,False,False,False,True,True,,,,4,PRUNED
219,219,-2.4292619328436973,2023-11-07 02:46:58.502703,2023-11-07 04:07:50.052681,0 days 01:20:51.549978,True,False,True,False,False,False,False,True,True,True,False,False,True,True,/mmfs1/gscratch/cheme/usr/evankomp/repos/nomelt/tmp/optimize_enh1/enh_vs_translate/8606717663003488195,"[-2.4292619328436973, 0.08544752631906961]",EKRPRTAFTAEQLARLKAEFNENRYLTERRRQELARELGLNEAQIKIWFQNKRAKIKK,4,COMPLETE
220,220,,2023-11-07 02:49:20.831556,2023-11-07 02:49:22.051634,0 days 00:00:01.220078,False,False,True,False,True,False,False,True,False,True,False,True,True,True,,,,4,PRUNED
221,221,,2023-11-07 02:49:22.058108,2023-11-07 02:49:31.515980,0 days 00:00:09.457872,False,False,True,False,True,False,False,True,True,False,False,False,True,True,,,,4,PRUNED
222,222,,2023-11-07 02:49:31.527813,2023-11-07 02:49:40.407517,0 days 00:00:08.879704,True,False,True,False,False,False,False,True,True,True,False,False,True,True,,,,4,PRUNED
223,223,-2.412444539040872,2023-11-07 02:49:40.419081,2023-11-07 04:10:22.371881,0 days 01:20:41.952800,False,False,False,False,True,False,False,True,True,False,False,False,True,True,/mmfs1/gscratch/cheme/usr/evankomp/repos/nomelt/tmp/optimize_enh1/enh_vs_translate/-3161231034199735649,"[-2.412444539040872, 0.041873444777540327]",DKRPRTAFTAEQLARLKREFNANRYLTERRRQELASELGLNEAQIKIWFQNKRAKIKK,4,COMPLETE
224,224,,2023-11-07 02:50:33.585671,2023-11-07 02:50:36.295647,0 days 00:00:02.709976,False,False,True,False,True,False,False,True,False,True,False,True,True,True,,,,4,PRUNED
225,225,,2023-11-07 02:50:36.304244,2023-11-07 02:50:46.205941,0 days 00:00:09.901697,False,False,True,False,True,False,False,True,True,False,False,False,True,True,,,,4,PRUNED
226,226,-2.4013801760410236,2023-11-07 02:50:46.217533,2023-11-07 04:11:23.925992,0 days 01:20:37.708459,True,False,False,False,False,False,False,True,True,True,False,False,True,True,/mmfs1/gscratch/cheme/usr/evankomp/repos/nomelt/tmp/optimize_enh1/enh_vs_translate/-6014548687123004972,"[-2.4013801760410236, 0.027209993296428772]",EKRPRTAFTAEQLARLKREFNENRYLTERRRQELARELGLNEAQIKIWFQNKRAKIKK,4,COMPLETE
227,227,-2.444664931463754,2023-11-07 02:53:01.811306,2023-11-07 04:13:35.457078,0 days 01:20:33.645772,True,False,False,True,True,False,False,True,True,True,False,False,True,True,/mmfs1/gscratch/cheme/usr/evankomp/repos/nomelt/tmp/optimize_enh1/enh_vs_translate/-6136515525662373205,"[-2.444664931463754, 0.03524990474935617]",EKRPRTAFTAEQLARLKREFQANRYLTERRRQELARELGLNEAQIKIWFQNKRAKIKK,4,COMPLETE
228,228,,2023-11-07 02:59:56.379466,2023-11-07 02:59:58.896147,0 days 00:00:02.516681,False,False,True,False,True,False,False,True,True,False,False,False,True,True,,,,4,PRUNED
229,229,,2023-11-07 02:59:58.907145,2023-11-07 03:00:00.488711,0 days 00:00:01.581566,True,False,False,False,False,False,False,True,True,True,False,False,True,True,,,,4,PRUNED
230,230,,2023-11-07 03:00:00.501655,2023-11-07 03:00:08.141703,0 days 00:00:07.640048,False,False,False,False,True,False,False,True,True,False,True,False,True,True,,,,4,PRUNED
231,231,-2.5008611538882186,2023-11-07 03:00:08.150847,2023-11-07 04:21:31.320721,0 days 01:21:23.169874,True,False,True,False,True,False,True,True,True,False,False,False,True,False,/mmfs1/gscratch/cheme/usr/evankomp/repos/nomelt/tmp/optimize_enh1/enh_vs_translate/5950877656627385155,"[-2.5008611538882186, 0.03565757345110494]",EKRPRTAFTSEQLARLKAEFNANRYLTEQRRQELASELGLNEAQIKIWFQNKRAKIKK,4,COMPLETE
232,232,,2023-11-07 03:00:54.766729,2023-11-07 03:00:57.666669,0 days 00:00:02.899940,False,False,False,False,True,False,False,True,True,False,False,False,True,True,,,,4,PRUNED
233,233,-2.494664618219763,2023-11-07 03:00:57.676166,2023-11-07 04:22:59.321997,0 days 01:22:01.645831,True,False,True,False,True,False,False,True,True,False,False,False,True,False,/mmfs1/gscratch/cheme/usr/evankomp/repos/nomelt/tmp/optimize_enh1/enh_vs_translate/-6460102668498954027,"[-2.494664618219763, 0.052502507593727404]",EKRPRTAFTSEQLARLKAEFNANRYLTERRRQELASELGLNEAQIKIWFQNKRAKIKK,4,COMPLETE
234,234,-2.392780041377922,2023-11-07 03:05:57.804742,2023-11-07 04:28:37.312007,0 days 01:22:39.507265,True,True,True,False,True,False,False,True,True,True,False,True,True,True,/mmfs1/gscratch/cheme/usr/evankomp/repos/nomelt/tmp/optimize_enh1/enh_vs_translate/-792615468631977826,"[-2.392780041377922, 0.06987846623379018]",EKRPRTAFTAEQLQRLKAEFNANRYLTERRRQELARELGLNEAQIKIWFQNKRAKIKKASGNK,4,COMPLETE
235,235,,2023-11-07 04:07:50.058702,2023-11-07 04:07:52.403339,0 days 00:00:02.344637,False,False,False,False,True,False,False,True,True,False,False,False,True,True,,,,4,PRUNED
236,236,,2023-11-07 04:07:52.414584,2023-11-07 04:07:58.469053,0 days 00:00:06.054469,True,False,True,False,True,False,False,True,True,False,False,False,True,False,,,,4,PRUNED
237,237,-2.4236002140122213,2023-11-07 04:07:58.474292,2023-11-07 05:30:23.045105,0 days 01:22:24.570813,False,False,True,False,True,False,False,True,False,False,False,False,True,True,/mmfs1/gscratch/cheme/usr/evankomp/repos/nomelt/tmp/optimize_enh1/enh_vs_translate/-7597319581242284158,"[-2.4236002140122213, 0.0257568367703939]",DKRPRTAFTAEQLARLKAEFNANRYLTERRRQELSSELGLNEAQIKIWFQNKRAKIKK,4,COMPLETE
238,238,,2023-11-07 04:10:22.378910,2023-11-07 04:10:24.248523,0 days 00:00:01.869613,True,False,True,False,True,False,True,True,True,False,False,False,True,False,,,,4,PRUNED
239,239,,2023-11-07 04:10:24.253309,2023-11-07 04:10:30.416731,0 days 00:00:06.163422,False,False,True,False,True,False,False,True,True,False,False,False,True,True,,,,4,PRUNED
240,240,-2.3774462436228068,2023-11-07 04:10:30.422507,2023-11-07 05:33:12.552605,0 days 01:22:42.130098,True,False,False,False,True,False,True,True,True,True,False,True,False,True,/mmfs1/gscratch/cheme/usr/evankomp/repos/nomelt/tmp/optimize_enh1/enh_vs_translate/6444675430597392128,"[-2.3774462436228068, 0.06962660741485371]",EKRPRTAFSAEQLARLKREFNANRYLTEQRRQELARELGLNEAQIKIWFQNKRAKIKKASGNK,4,COMPLETE
241,241,,2023-11-07 04:11:23.932615,2023-11-07 04:11:25.311959,0 days 00:00:01.379344,False,False,False,False,True,False,False,True,True,False,False,False,True,True,,,,4,PRUNED
242,242,,2023-11-07 04:11:25.325076,2023-11-07 04:11:32.796092,0 days 00:00:07.471016,True,False,True,False,True,False,True,True,True,False,False,False,True,False,,,,4,PRUNED
243,243,,2023-11-07 04:11:32.802272,2023-11-07 04:11:36.409656,0 days 00:00:03.607384,False,False,True,False,True,False,False,True,True,False,False,False,True,True,,,,4,PRUNED
244,244,-2.3712825272688485,2023-11-07 04:11:36.416621,2023-11-07 05:35:24.137378,0 days 01:23:47.720757,True,False,False,False,True,False,True,True,True,True,False,True,True,True,/mmfs1/gscratch/cheme/usr/evankomp/repos/nomelt/tmp/optimize_enh1/enh_vs_translate/535307303815962123,"[-2.3712825272688485, 0.07075476881961719]",EKRPRTAFTAEQLARLKREFNANRYLTEQRRQELARELGLNEAQIKIWFQNKRAKIKKASGNK,4,COMPLETE
245,245,,2023-11-07 04:13:35.468687,2023-11-07 04:13:45.174094,0 days 00:00:09.705407,False,True,True,False,True,False,False,True,True,False,False,False,True,False,,,,5,PRUNED
246,246,-2.4208148011904305,2023-11-07 04:13:45.182575,2023-11-07 05:36:27.383141,0 days 01:22:42.200566,True,False,False,False,True,False,False,True,False,False,False,True,True,True,/mmfs1/gscratch/cheme/usr/evankomp/repos/nomelt/tmp/optimize_enh1/enh_vs_translate/-833794897326006743,"[-2.4208148011904305, 0.06830483058187489]",EKRPRTAFTAEQLARLKREFNANRYLTERRRQELSSELGLNEAQIKIWFQNKRAKIKKASGNK,5,COMPLETE
247,247,,2023-11-07 04:21:31.329863,2023-11-07 04:21:35.623010,0 days 00:00:04.293147,True,False,True,False,True,False,True,True,True,False,False,False,True,False,,,,5,PRUNED
248,248,-2.4988338339593037,2023-11-07 04:21:35.631711,2023-11-07 05:44:39.901563,0 days 01:23:04.269852,True,False,True,False,True,False,False,True,True,False,False,False,False,False,/mmfs1/gscratch/cheme/usr/evankomp/repos/nomelt/tmp/optimize_enh1/enh_vs_translate/-3233687340006550442,"[-2.4988338339593037, 0.042810193667988564]",EKRPRTAFSSEQLARLKAEFNANRYLTERRRQELASELGLNEAQIKIWFQNKRAKIKK,5,COMPLETE
249,249,-2.41179041196573,2023-11-07 04:22:59.330149,2023-11-07 05:43:43.719306,0 days 01:20:44.389157,True,False,True,False,True,False,True,True,False,False,False,False,True,False,/mmfs1/gscratch/cheme/usr/evankomp/repos/nomelt/tmp/optimize_enh1/enh_vs_translate/-4374706704436529890,"[-2.41179041196573, 0.165151319931592]",EKRPRTAFTSEQLARLKAEFNANRYLTEQRRQELSSELGLNEAQIKIWFQNKRAKIKK,5,COMPLETE
250,250,-2.493251184309053,2023-11-07 04:28:37.321141,2023-11-07 05:49:55.094083,0 days 01:21:17.772942,True,False,True,False,True,False,False,True,True,False,False,False,True,True,/mmfs1/gscratch/cheme/usr/evankomp/repos/nomelt/tmp/optimize_enh1/enh_vs_translate/-841282276586717134,"[-2.493251184309053, 0.04443470364788813]",EKRPRTAFTAEQLARLKAEFNANRYLTERRRQELASELGLNEAQIKIWFQNKRAKIKK,5,COMPLETE
251,251,-2.4391565461087272,2023-11-07 05:30:23.054990,2023-11-07 06:52:12.966007,0 days 01:21:49.911017,True,False,False,False,True,False,False,True,True,False,False,False,False,True,/mmfs1/gscratch/cheme/usr/evankomp/repos/nomelt/tmp/optimize_enh1/enh_vs_translate/7990781207568453363,"[-2.4391565461087272, 0.1178884020285217]",EKRPRTAFSAEQLARLKREFNANRYLTERRRQELASELGLNEAQIKIWFQNKRAKIKK,5,COMPLETE
252,252,,2023-11-07 05:33:12.560142,2023-11-07 05:33:20.182647,0 days 00:00:07.622505,True,False,False,False,True,False,False,True,True,True,False,False,True,True,,,,5,PRUNED
253,253,,2023-11-07 05:33:20.186846,2023-11-07 05:33:26.378547,0 days 00:00:06.191701,False,False,True,False,True,False,False,True,True,False,False,False,True,False,,,,5,PRUNED
254,254,-2.449896260095588,2023-11-07 05:33:26.384895,2023-11-07 06:54:31.202786,0 days 01:21:04.817891,True,False,False,False,True,False,False,True,True,False,False,False,True,False,/mmfs1/gscratch/cheme/usr/evankomp/repos/nomelt/tmp/optimize_enh1/enh_vs_translate/1930422046165195535,"[-2.449896260095588, 0.03660328921125743]",EKRPRTAFTSEQLARLKREFNANRYLTERRRQELASELGLNEAQIKIWFQNKRAKIKK,5,COMPLETE
255,255,,2023-11-07 05:35:24.146716,2023-11-07 05:35:30.111540,0 days 00:00:05.964824,True,False,False,False,True,False,False,True,True,True,False,False,True,True,,,,5,PRUNED
256,256,,2023-11-07 05:35:30.119982,2023-11-07 05:35:30.981415,0 days 00:00:00.861433,False,False,True,False,True,False,False,True,True,False,False,False,True,False,,,,5,PRUNED
257,257,,2023-11-07 05:35:30.991588,2023-11-07 05:35:32.523429,0 days 00:00:01.531841,True,False,False,False,True,False,False,True,True,False,False,False,True,False,,,,5,PRUNED
258,258,-2.3941559565300534,2023-11-07 05:35:32.530082,2023-11-07 06:56:54.074801,0 days 01:21:21.544719,False,True,True,False,True,False,False,True,True,False,False,False,True,True,/mmfs1/gscratch/cheme/usr/evankomp/repos/nomelt/tmp/optimize_enh1/enh_vs_translate/-7372271958066967039,"[-2.3941559565300534, 0.07083729981285976]",DKRPRTAFTAEQLQRLKAEFNANRYLTERRRQELASELGLNEAQIKIWFQNKRAKIKK,5,COMPLETE
259,259,-2.487958683674436,2023-11-07 05:36:27.391003,2023-11-07 06:58:24.496519,0 days 01:21:57.105516,False,False,True,False,True,False,True,True,True,False,False,False,True,False,/mmfs1/gscratch/cheme/usr/evankomp/repos/nomelt/tmp/optimize_enh1/enh_vs_translate/-6689548968174598440,"[-2.487958683674436, 0.047222022384601006]",DKRPRTAFTSEQLARLKAEFNANRYLTEQRRQELASELGLNEAQIKIWFQNKRAKIKK,5,COMPLETE
260,260,,2023-11-07 05:43:43.726487,2023-11-07 05:43:45.753040,0 days 00:00:02.026553,True,False,False,False,True,False,False,True,True,False,False,False,True,True,,,,5,PRUNED
261,261,,2023-11-07 05:43:45.765503,2023-11-07 05:43:50.736414,0 days 00:00:04.970911,True,False,False,False,True,False,False,True,True,True,True,True,True,True,,,,5,PRUNED
262,262,,2023-11-07 05:43:50.748535,2023-11-07 05:44:00.745385,0 days 00:00:09.996850,False,False,True,False,True,False,False,True,True,False,False,False,True,False,,,,5,PRUNED
263,263,,2023-11-07 05:44:00.749480,2023-11-07 05:44:01.500796,0 days 00:00:00.751316,True,False,False,False,True,False,False,True,True,False,False,False,True,False,,,,5,PRUNED
264,264,,2023-11-07 05:44:01.508648,2023-11-07 05:44:04.598808,0 days 00:00:03.090160,False,False,True,False,True,False,False,True,True,False,False,False,True,True,,,,5,PRUNED
265,265,,2023-11-07 05:44:04.605010,2023-11-07 05:44:08.693156,0 days 00:00:04.088146,True,False,True,False,True,False,False,True,True,False,False,False,True,True,,,,5,PRUNED
266,266,,2023-11-07 05:44:08.702461,2023-11-07 05:44:12.940256,0 days 00:00:04.237795,True,False,True,False,True,False,True,True,False,False,False,False,True,False,,,,5,PRUNED
267,267,-2.327323269458149,2023-11-07 05:44:12.944275,2023-11-07 07:06:17.596444,0 days 01:22:04.652169,True,True,True,False,True,False,False,True,False,False,True,True,True,True,/mmfs1/gscratch/cheme/usr/evankomp/repos/nomelt/tmp/optimize_enh1/enh_vs_translate/2744282523626540645,"[-2.327323269458149, 0.06800346355938183]",EKRPRTAFTAEQLQRLKAEFNANRYLTERRRQELSSELGLNESQIKIWFQNKRAKIKKASGNK,5,COMPLETE
268,268,,2023-11-07 05:44:39.908973,2023-11-07 05:44:41.631936,0 days 00:00:01.722963,True,False,False,False,True,False,False,True,True,True,True,True,True,True,,,,5,PRUNED
269,269,,2023-11-07 05:44:41.637299,2023-11-07 05:44:45.865994,0 days 00:00:04.228695,False,False,True,False,True,False,False,True,True,False,False,False,True,False,,,,5,PRUNED
270,270,,2023-11-07 05:44:45.872286,2023-11-07 05:44:50.960040,0 days 00:00:05.087754,True,False,False,False,True,False,False,True,True,False,False,False,True,False,,,,5,PRUNED
271,271,-2.439930643986163,2023-11-07 05:44:50.966815,2023-11-07 07:06:20.140527,0 days 01:21:29.173712,False,True,True,False,True,False,False,True,True,True,False,False,True,True,/mmfs1/gscratch/cheme/usr/evankomp/repos/nomelt/tmp/optimize_enh1/enh_vs_translate/4087959173506214914,"[-2.439930643986163, 0.07544348794617181]",DKRPRTAFTAEQLQRLKAEFNANRYLTERRRQELARELGLNEAQIKIWFQNKRAKIKK,5,COMPLETE
272,272,,2023-11-07 05:49:55.106123,2023-11-07 05:49:55.449865,0 days 00:00:00.343742,True,False,True,False,True,False,True,True,True,False,False,False,True,False,,,,5,PRUNED
273,273,,2023-11-07 05:49:55.455670,2023-11-07 05:50:00.090497,0 days 00:00:04.634827,False,False,True,False,True,False,False,True,True,False,False,False,True,True,,,,5,PRUNED
274,274,-2.450138608525185,2023-11-07 05:50:00.097295,2023-11-07 07:11:07.177216,0 days 01:21:07.079921,True,False,True,False,False,False,False,True,True,False,False,False,True,False,/mmfs1/gscratch/cheme/usr/evankomp/repos/nomelt/tmp/optimize_enh1/enh_vs_translate/2414949949784850073,"[-2.450138608525185, 0.01909972146795049]",EKRPRTAFTSEQLARLKAEFNENRYLTERRRQELASELGLNEAQIKIWFQNKRAKIKK,5,COMPLETE
275,275,-2.345207762634487,2023-11-07 06:52:12.978060,2023-11-07 08:14:35.000105,0 days 01:22:22.022045,False,False,False,False,True,False,False,True,True,True,True,False,True,True,/mmfs1/gscratch/cheme/usr/evankomp/repos/nomelt/tmp/optimize_enh1/enh_vs_translate/6634587973585537196,"[-2.345207762634487, 0.06933299462094292]",DKRPRTAFTAEQLARLKREFNANRYLTERRRQELARELGLNESQIKIWFQNKRAKIKK,5,COMPLETE
276,276,-2.4837242150655148,2023-11-07 06:54:31.211902,2023-11-07 08:16:52.636407,0 days 01:22:21.424505,False,False,True,False,True,False,False,True,True,True,False,False,True,True,/mmfs1/gscratch/cheme/usr/evankomp/repos/nomelt/tmp/optimize_enh1/enh_vs_translate/-7376176453269927280,"[-2.4837242150655148, 0.032971565332418656]",DKRPRTAFTAEQLARLKAEFNANRYLTERRRQELARELGLNEAQIKIWFQNKRAKIKK,5,COMPLETE
277,277,,2023-11-07 06:56:54.084580,2023-11-07 06:57:00.821699,0 days 00:00:06.737119,True,False,True,False,True,False,False,True,True,False,False,False,True,True,,,,5,PRUNED
278,278,,2023-11-07 06:57:00.826702,2023-11-07 06:57:02.845098,0 days 00:00:02.018396,True,False,True,False,True,False,True,True,False,False,False,False,True,False,,,,5,PRUNED
279,279,,2023-11-07 06:57:02.851851,2023-11-07 06:57:04.592989,0 days 00:00:01.741138,True,True,True,False,True,False,False,True,False,False,True,True,True,True,,,,5,PRUNED
280,280,-2.4005927589240583,2023-11-07 06:57:04.603504,2023-11-07 08:19:38.611778,0 days 01:22:34.008274,True,False,True,False,True,False,False,False,True,True,False,True,True,False,/mmfs1/gscratch/cheme/usr/evankomp/repos/nomelt/tmp/optimize_enh1/enh_vs_translate/-2369450586040937579,"[-2.4005927589240583, 0.060297645052084806]",EKRPRTAFTSEQLARLKAEFNANRYLTERRRQQLARELGLNEAQIKIWFQNKRAKIKKASGNK,5,COMPLETE
281,281,,2023-11-07 06:58:24.506606,2023-11-07 06:58:26.378219,0 days 00:00:01.871613,True,False,True,False,True,False,False,True,True,False,False,False,True,True,,,,5,PRUNED
282,282,,2023-11-07 06:58:26.384012,2023-11-07 06:58:36.160250,0 days 00:00:09.776238,True,False,True,False,True,False,True,True,True,False,False,False,True,False,,,,5,PRUNED
283,283,,2023-11-07 06:58:36.168370,2023-11-07 06:58:40.683295,0 days 00:00:04.514925,False,False,True,False,True,False,False,True,True,False,False,False,True,True,,,,5,PRUNED
284,284,,2023-11-07 06:58:40.690460,2023-11-07 06:58:43.055180,0 days 00:00:02.364720,True,False,True,False,False,False,False,True,True,False,False,False,True,False,,,,5,PRUNED
285,285,,2023-11-07 06:58:43.062450,2023-11-07 06:58:45.793649,0 days 00:00:02.731199,True,False,True,False,True,False,True,True,True,False,False,False,True,False,,,,5,PRUNED
286,286,-2.398225723191224,2023-11-07 06:58:45.799195,2023-11-07 08:21:49.963948,0 days 01:23:04.164753,False,False,False,False,True,False,False,True,True,False,False,True,True,False,/mmfs1/gscratch/cheme/usr/evankomp/repos/nomelt/tmp/optimize_enh1/enh_vs_translate/-709654708060725141,"[-2.398225723191224, 0.10212689402925232]",DKRPRTAFTSEQLARLKREFNANRYLTERRRQELASELGLNEAQIKIWFQNKRAKIKKASGNK,5,COMPLETE
287,287,,2023-11-07 07:06:17.603446,2023-11-07 07:06:22.346674,0 days 00:00:04.743228,False,False,True,False,True,False,False,True,True,False,False,False,True,False,,,,6,PRUNED
288,288,,2023-11-07 07:06:20.151328,2023-11-07 07:06:27.174204,0 days 00:00:07.022876,False,False,False,False,True,False,False,True,True,False,False,False,True,True,,,,6,PRUNED
289,289,,2023-11-07 07:06:22.357667,2023-11-07 07:06:23.380359,0 days 00:00:01.022692,True,False,True,False,True,False,True,True,True,False,False,False,True,False,,,,6,PRUNED
290,290,-2.4706337319242198,2023-11-07 07:06:23.389954,2023-11-07 08:28:50.030737,0 days 01:22:26.640783,False,False,True,False,False,False,False,True,True,False,False,False,True,True,/mmfs1/gscratch/cheme/usr/evankomp/repos/nomelt/tmp/optimize_enh1/enh_vs_translate/3091004685609614646,"[-2.4706337319242198, 0.027012808663359228]",DKRPRTAFTAEQLARLKAEFNENRYLTERRRQELASELGLNEAQIKIWFQNKRAKIKK,6,COMPLETE
291,291,,2023-11-07 07:06:27.182688,2023-11-07 07:06:28.849495,0 days 00:00:01.666807,True,False,True,False,True,False,True,True,True,False,False,False,True,False,,,,6,PRUNED
292,292,,2023-11-07 07:06:28.864184,2023-11-07 07:06:38.003614,0 days 00:00:09.139430,False,False,True,False,True,False,False,True,True,False,False,False,True,True,,,,6,PRUNED
293,293,-2.410301290252624,2023-11-07 07:06:38.012980,2023-11-07 08:31:34.858869,0 days 01:24:56.845889,False,False,True,False,True,False,False,False,True,False,False,False,True,False,/mmfs1/gscratch/cheme/usr/evankomp/repos/nomelt/tmp/optimize_enh1/enh_vs_translate/-1582984871610962743,"[-2.410301290252624, 0.05805142543339669]",DKRPRTAFTSEQLARLKAEFNANRYLTERRRQQLASELGLNEAQIKIWFQNKRAKIKK,6,COMPLETE
294,294,,2023-11-07 07:11:07.183186,2023-11-07 07:11:16.947889,0 days 00:00:09.764703,True,False,True,False,True,False,True,True,True,False,False,False,True,False,,,,6,PRUNED
295,295,,2023-11-07 07:11:16.955320,2023-11-07 07:11:22.612755,0 days 00:00:05.657435,True,False,True,False,True,False,False,True,True,False,False,False,True,False,,,,6,PRUNED
296,296,,2023-11-07 07:11:22.616385,2023-11-07 07:11:28.731035,0 days 00:00:06.114650,True,False,True,False,True,False,False,True,True,False,False,False,True,False,,,,6,PRUNED
297,297,,2023-11-07 07:11:28.736663,2023-11-07 07:11:34.978018,0 days 00:00:06.241355,True,False,True,False,True,False,False,True,True,False,False,False,True,False,,,,6,PRUNED
298,298,,2023-11-07 07:11:34.983453,2023-11-07 07:11:38.164475,0 days 00:00:03.181022,True,False,True,False,True,False,True,True,True,False,False,False,True,False,,,,6,PRUNED
299,299,,2023-11-07 07:11:38.173878,2023-11-07 07:11:38.983332,0 days 00:00:00.809454,True,False,True,False,True,False,False,True,True,False,False,False,True,True,,,,6,PRUNED
300,300,-2.3428262183882222,2023-11-07 07:11:38.994870,2023-11-07 08:34:33.088830,0 days 01:22:54.093960,False,False,True,False,False,False,False,True,True,False,True,True,True,False,/mmfs1/gscratch/cheme/usr/evankomp/repos/nomelt/tmp/optimize_enh1/enh_vs_translate/-6692151715149145442,"[-2.3428262183882222, 0.08767770479495919]",DKRPRTAFTSEQLARLKAEFNENRYLTERRRQELASELGLNESQIKIWFQNKRAKIKKASGNK,6,COMPLETE
301,301,,2023-11-07 08:14:35.006648,2023-11-07 08:14:44.861659,0 days 00:00:09.855011,True,False,True,False,True,False,False,True,True,False,False,False,True,False,,,,6,PRUNED
302,302,,2023-11-07 08:14:44.871830,2023-11-07 08:14:48.162893,0 days 00:00:03.291063,True,False,True,False,True,False,False,True,True,False,False,False,False,False,,,,6,PRUNED
303,303,-2.391836749086456,2023-11-07 08:14:48.167851,2023-11-07 09:38:18.516633,0 days 01:23:30.348782,True,True,True,False,True,False,False,True,True,False,False,False,True,True,/mmfs1/gscratch/cheme/usr/evankomp/repos/nomelt/tmp/optimize_enh1/enh_vs_translate/-8922138665294239684,"[-2.391836749086456, 0.04524196979493644]",EKRPRTAFTAEQLQRLKAEFNANRYLTERRRQELASELGLNEAQIKIWFQNKRAKIKK,6,COMPLETE
304,304,-2.4225352548333525,2023-11-07 08:16:52.646560,2023-11-07 09:40:56.636421,0 days 01:24:03.989861,False,False,True,False,True,False,False,True,True,False,False,True,True,True,/mmfs1/gscratch/cheme/usr/evankomp/repos/nomelt/tmp/optimize_enh1/enh_vs_translate/7043040939577674902,"[-2.4225352548333525, 0.06977671204170097]",DKRPRTAFTAEQLARLKAEFNANRYLTERRRQELASELGLNEAQIKIWFQNKRAKIKKASGNK,6,COMPLETE
305,305,,2023-11-07 08:19:38.618079,2023-11-07 08:19:40.614573,0 days 00:00:01.996494,True,False,True,False,True,False,True,True,True,False,False,False,True,False,,,,6,PRUNED
306,306,,2023-11-07 08:19:40.619909,2023-11-07 08:19:48.351463,0 days 00:00:07.731554,False,False,True,False,True,False,False,True,True,False,False,False,True,True,,,,6,PRUNED
307,307,,2023-11-07 08:19:48.360337,2023-11-07 08:19:54.001039,0 days 00:00:05.640702,True,False,True,False,True,False,False,True,True,False,False,False,True,False,,,,6,PRUNED
308,308,,2023-11-07 08:19:54.007227,2023-11-07 08:20:03.624869,0 days 00:00:09.617642,True,False,True,False,False,False,False,True,True,False,False,False,True,False,,,,6,PRUNED
309,309,-2.419114643822706,2023-11-07 08:20:03.634871,2023-11-07 09:42:53.890975,0 days 01:22:50.256104,True,False,True,False,True,False,False,True,True,False,True,False,False,False,/mmfs1/gscratch/cheme/usr/evankomp/repos/nomelt/tmp/optimize_enh1/enh_vs_translate/-412985528051825616,"[-2.419114643822706, 0.08543220211985963]",EKRPRTAFSSEQLARLKAEFNANRYLTERRRQELASELGLNESQIKIWFQNKRAKIKK,6,COMPLETE
310,310,,2023-11-07 08:21:49.973396,2023-11-07 08:21:50.887973,0 days 00:00:00.914577,True,False,True,False,True,False,False,True,True,False,False,False,True,False,,,,6,PRUNED
311,311,,2023-11-07 08:21:50.892325,2023-11-07 08:21:57.800956,0 days 00:00:06.908631,True,False,True,False,True,False,False,True,True,False,False,False,True,False,,,,6,PRUNED
312,312,,2023-11-07 08:21:57.809503,2023-11-07 08:22:01.748670,0 days 00:00:03.939167,True,False,True,False,True,False,True,True,True,False,False,False,True,False,,,,6,PRUNED
313,313,-2.463296814224655,2023-11-07 08:22:01.758043,2023-11-07 09:45:23.890045,0 days 01:23:22.132002,True,False,True,False,True,False,False,True,True,False,False,True,False,True,/mmfs1/gscratch/cheme/usr/evankomp/repos/nomelt/tmp/optimize_enh1/enh_vs_translate/-7265906294660462994,"[-2.463296814224655, 0.06981715209339394]",EKRPRTAFSAEQLARLKAEFNANRYLTERRRQELASELGLNEAQIKIWFQNKRAKIKKASGNK,6,COMPLETE
314,314,,2023-11-07 08:28:50.043649,2023-11-07 08:28:59.292600,0 days 00:00:09.248951,True,False,True,False,True,False,False,True,True,False,False,False,True,False,,,,6,PRUNED
315,315,,2023-11-07 08:28:59.303013,2023-11-07 08:29:03.092189,0 days 00:00:03.789176,True,False,True,False,True,False,False,True,True,False,False,False,True,False,,,,6,PRUNED
316,316,,2023-11-07 08:29:03.097402,2023-11-07 08:29:10.771433,0 days 00:00:07.674031,True,False,True,False,True,False,False,True,True,False,False,False,False,False,,,,6,PRUNED
317,317,,2023-11-07 08:29:10.779088,2023-11-07 08:29:19.760119,0 days 00:00:08.981031,False,False,True,False,True,False,False,True,True,False,False,False,True,True,,,,6,PRUNED
318,318,,2023-11-07 08:29:19.772008,2023-11-07 08:29:25.181934,0 days 00:00:05.409926,False,False,True,False,True,False,False,True,True,False,False,False,True,False,,,,6,PRUNED
319,319,,2023-11-07 08:29:25.189489,2023-11-07 08:29:31.691313,0 days 00:00:06.501824,True,False,True,False,True,False,False,True,True,False,False,False,True,True,,,,6,PRUNED
320,320,-2.4722277399818053,2023-11-07 08:29:31.697964,2023-11-07 09:51:59.760942,0 days 01:22:28.062978,True,False,True,False,True,False,False,True,True,False,False,True,True,False,/mmfs1/gscratch/cheme/usr/evankomp/repos/nomelt/tmp/optimize_enh1/enh_vs_translate/-6326504212130273507,"[-2.4722277399818053, 0.049305742875956744]",EKRPRTAFTSEQLARLKAEFNANRYLTERRRQELASELGLNEAQIKIWFQNKRAKIKKASGNK,6,COMPLETE
321,321,,2023-11-07 08:31:34.870866,2023-11-07 08:31:36.546117,0 days 00:00:01.675251,True,False,True,False,True,False,True,True,True,False,False,False,True,False,,,,6,PRUNED
322,322,,2023-11-07 08:31:36.554052,2023-11-07 08:31:40.121407,0 days 00:00:03.567355,False,False,True,False,False,False,False,True,True,False,False,False,True,True,,,,6,PRUNED
323,323,,2023-11-07 08:31:40.124680,2023-11-07 08:31:47.940630,0 days 00:00:07.815950,True,False,True,False,True,False,False,True,True,False,False,False,True,False,,,,6,PRUNED
324,324,,2023-11-07 08:31:47.951883,2023-11-07 08:31:50.158378,0 days 00:00:02.206495,True,False,True,False,False,False,False,True,True,False,False,False,True,False,,,,6,PRUNED
325,325,,2023-11-07 08:31:50.165023,2023-11-07 08:31:55.595067,0 days 00:00:05.430044,True,False,True,False,True,False,False,True,True,False,True,False,False,False,,,,6,PRUNED
326,326,,2023-11-07 08:31:55.598983,2023-11-07 08:31:56.295609,0 days 00:00:00.696626,False,False,True,False,True,False,False,True,True,False,False,False,True,True,,,,6,PRUNED
327,327,-2.397902678079564,2023-11-07 08:31:56.305450,2023-11-07 09:54:06.901415,0 days 01:22:10.595965,False,False,False,False,True,False,False,True,True,False,False,False,True,False,/mmfs1/gscratch/cheme/usr/evankomp/repos/nomelt/tmp/optimize_enh1/enh_vs_translate/-3833800835722195042,"[-2.397902678079564, 0.06692280361949586]",DKRPRTAFTSEQLARLKREFNANRYLTERRRQELASELGLNEAQIKIWFQNKRAKIKK,6,COMPLETE
328,328,,2023-11-07 08:34:33.099136,2023-11-07 08:34:40.580099,0 days 00:00:07.480963,True,False,True,False,True,False,False,True,True,False,False,False,True,False,,,,6,PRUNED
329,329,,2023-11-07 08:34:40.590741,2023-11-07 08:34:49.642777,0 days 00:00:09.052036,True,False,True,False,True,False,False,True,True,False,False,False,False,False,,,,6,PRUNED
330,330,-2.4446138686253116,2023-11-07 08:34:49.649722,2023-11-07 09:55:46.716975,0 days 01:20:57.067253,True,True,True,False,True,False,False,True,True,True,False,False,True,True,/mmfs1/gscratch/cheme/usr/evankomp/repos/nomelt/tmp/optimize_enh1/enh_vs_translate/-9070605296546034041,"[-2.4446138686253116, 0.10610646336501381]",EKRPRTAFTAEQLQRLKAEFNANRYLTERRRQELARELGLNEAQIKIWFQNKRAKIKK,6,COMPLETE
331,331,,2023-11-07 09:38:18.526507,2023-11-07 09:38:18.906860,0 days 00:00:00.380353,False,False,True,False,True,False,False,True,True,False,False,True,True,True,,,,6,PRUNED
332,332,,2023-11-07 09:38:18.913615,2023-11-07 09:38:29.043948,0 days 00:00:10.130333,True,False,True,False,True,False,True,True,True,False,False,False,True,False,,,,6,PRUNED
333,333,-2.421049716517361,2023-11-07 09:38:29.051177,2023-11-07 10:54:11.696536,0 days 01:15:42.645359,False,False,True,False,True,False,False,True,False,True,False,False,True,True,/mmfs1/gscratch/cheme/usr/evankomp/repos/nomelt/tmp/optimize_enh1/enh_vs_translate/-27303106171171084,"[-2.421049716517361, 0.028142516405183126]",DKRPRTAFTAEQLARLKAEFNANRYLTERRRQELSRELGLNEAQIKIWFQNKRAKIKK,6,COMPLETE
