,number,value,datetime_start,datetime_complete,duration,params_mut_0,params_mut_1,params_mut_13,params_mut_14,params_mut_16,params_mut_17,params_mut_19,params_mut_21,params_mut_22,params_mut_26,params_mut_27,params_mut_28,params_mut_29,params_mut_3,params_mut_30,params_mut_32,params_mut_33,params_mut_35,params_mut_36,params_mut_37,params_mut_41,params_mut_43,params_mut_45,params_mut_47,params_mut_52,params_mut_56,params_mut_6,params_mut_8,params_mut_9,user_attrs_pdb_file,user_attrs_raw_result,user_attrs_variant_seq,system_attrs_nsga2:generation,state
0,0,-2.526262918222819,2023-09-08 16:34:08.351411,2023-09-08 17:54:48.736191,0 days 01:20:40.384780,True,False,False,True,True,False,False,True,True,False,True,True,True,False,False,True,True,True,False,True,True,True,True,False,True,False,False,False,True,/mmfs1/gscratch/cheme/usr/evankomp/repos/nomelt/tmp/optimize_consensus/enh_vs_consensus/-8321955262146908477,"[-2.526262918222819, 0.04159046136211628]",KRPRTAFSKEQLAELEREFEKNRYLSAERREELASKLGLTERQVKIWFQNRRAKIKK,0,COMPLETE
1,1,-2.515766901716204,2023-09-08 16:34:08.351615,2023-09-08 17:54:48.028537,0 days 01:20:39.676922,True,False,False,True,True,False,False,True,True,False,True,True,True,False,False,True,True,True,False,True,True,True,True,False,True,False,False,False,True,/mmfs1/gscratch/cheme/usr/evankomp/repos/nomelt/tmp/optimize_consensus/enh_vs_consensus/-9097016410019545371,"[-2.515766901716204, 0.045855886607824324]",KRPRTAFSKEQLAELEREFEKNRYLSAERREELASKLGLTERQVKIWFQNRRAKIKK,0,COMPLETE
2,2,,2023-09-08 16:34:08.351805,2023-09-08 16:34:16.418258,0 days 00:00:08.066453,True,False,False,True,True,False,False,True,True,False,True,True,True,False,False,True,True,True,False,True,True,True,True,False,True,False,False,False,True,,,,0,PRUNED
3,3,,2023-09-08 16:34:08.351489,2023-09-08 16:34:17.272229,0 days 00:00:08.920740,True,False,False,True,True,False,False,True,True,False,True,True,True,False,False,True,True,True,False,True,True,True,True,False,True,False,False,False,True,,,,0,PRUNED
4,4,,2023-09-08 16:34:08.351475,2023-09-08 16:34:18.732333,0 days 00:00:10.380858,True,False,False,True,True,False,False,True,True,False,True,True,True,False,False,True,True,True,False,True,True,True,True,False,True,False,False,False,True,,,,0,PRUNED
5,5,,2023-09-08 16:34:08.352540,2023-09-08 16:34:11.841676,0 days 00:00:03.489136,True,False,False,True,True,False,False,True,True,False,True,True,True,False,False,True,True,True,False,True,True,True,True,False,True,False,False,False,True,,,,0,PRUNED
6,6,,2023-09-08 16:34:08.351478,2023-09-08 16:34:14.893541,0 days 00:00:06.542063,True,False,False,True,True,False,False,True,True,False,True,True,True,False,False,True,True,True,False,True,True,True,True,False,True,False,False,False,True,,,,0,PRUNED
7,7,-2.3990384545259062,2023-09-08 16:34:11.855593,2023-09-08 18:01:26.361201,0 days 01:27:14.505608,False,True,False,True,False,False,False,True,False,True,False,False,True,False,True,True,False,False,True,True,True,False,True,True,False,False,False,True,False,/mmfs1/gscratch/cheme/usr/evankomp/repos/nomelt/tmp/optimize_consensus/enh_vs_consensus/-2431961532907441536,"[-2.3990384545259062, 0.036424618259138855]",DRRPRTAFTSEQLAELKREFEENRYPTEEEREQLSKKLGLTEAQVKVWFQNKRAKIKK,0,COMPLETE
8,8,,2023-09-08 16:34:14.897167,2023-09-08 16:34:25.150762,0 days 00:00:10.253595,False,True,False,True,False,False,False,True,False,True,False,False,True,False,True,True,False,False,True,True,True,False,True,True,False,False,False,True,False,,,,0,PRUNED
9,9,,2023-09-08 16:34:16.425832,2023-09-08 16:34:18.934874,0 days 00:00:02.509042,False,True,False,True,False,False,False,True,False,True,False,False,True,False,True,True,False,False,True,True,True,False,True,True,False,False,False,True,False,,,,0,PRUNED
10,10,,2023-09-08 16:34:17.279730,2023-09-08 16:34:20.021006,0 days 00:00:02.741276,False,True,False,True,False,False,False,True,False,True,False,False,True,False,True,True,False,False,True,True,True,False,True,True,False,False,False,True,False,,,,0,PRUNED
11,11,,2023-09-08 16:34:18.739119,2023-09-08 16:34:24.504414,0 days 00:00:05.765295,False,True,False,True,False,False,False,True,False,True,False,False,True,False,True,True,False,False,True,True,True,False,True,True,False,False,False,True,False,,,,0,PRUNED
12,12,-2.4783806061414855,2023-09-08 16:34:18.941511,2023-09-08 17:59:46.692665,0 days 01:25:27.751154,True,False,False,False,False,False,False,False,False,True,False,False,True,True,False,True,False,True,True,True,True,True,True,False,False,True,False,True,False,/mmfs1/gscratch/cheme/usr/evankomp/repos/nomelt/tmp/optimize_consensus/enh_vs_consensus/-5394967599991211619,"[-2.4783806061414855, 0.04816231331305599]",KRKRTAFTSEQLARLKREFNENRYPTEERREQLAKKLGLTERQVKIWFQNKRAKEKK,0,COMPLETE
13,13,-2.4645592998412846,2023-09-08 16:34:20.029574,2023-09-08 17:59:06.214646,0 days 01:24:46.185072,True,False,False,False,False,False,False,False,False,True,False,False,True,True,False,True,False,True,True,True,True,True,True,False,False,True,False,True,False,/mmfs1/gscratch/cheme/usr/evankomp/repos/nomelt/tmp/optimize_consensus/enh_vs_consensus/-1576223977940272755,"[-2.4645592998412846, 0.06873581324016402]",KRKRTAFTSEQLARLKREFNENRYPTEERREQLAKKLGLTERQVKIWFQNKRAKEKK,0,COMPLETE
14,14,,2023-09-08 16:34:24.512264,2023-09-08 16:34:25.894510,0 days 00:00:01.382246,True,False,False,False,False,False,False,False,False,True,False,False,True,True,False,True,False,True,True,True,True,True,True,False,False,True,False,True,False,,,,0,PRUNED
15,15,,2023-09-08 16:34:25.160047,2023-09-08 16:34:29.334473,0 days 00:00:04.174426,True,False,False,False,False,False,False,False,False,True,False,False,True,True,False,True,False,True,True,True,True,True,True,False,False,True,False,True,False,,,,0,PRUNED
16,16,-2.1367982907979197,2023-09-08 16:34:25.901508,2023-09-08 17:57:47.327205,0 days 01:23:21.425697,True,True,False,True,False,True,False,True,True,False,True,False,True,False,False,True,True,False,False,False,True,False,False,False,True,False,True,True,False,/mmfs1/gscratch/cheme/usr/evankomp/repos/nomelt/tmp/optimize_consensus/enh_vs_consensus/-7363785750840805585,"[-2.1367982907979197, 0.11992682473415943]",RRPRTTFTSEQLAELKEFEKNRYLSEERREELSSELGLTEAQIKIWFQNRRAKIKK,0,COMPLETE
17,17,,2023-09-08 16:34:29.340265,2023-09-08 16:34:39.359335,0 days 00:00:10.019070,True,True,False,True,False,True,False,True,True,False,True,False,True,False,False,True,True,False,False,False,True,False,False,False,True,False,True,True,False,,,,0,PRUNED
18,18,-2.0583597521052086,2023-09-08 16:34:39.369357,2023-09-08 18:09:09.624800,0 days 01:34:30.255443,True,False,True,False,False,True,False,True,True,True,False,False,True,True,False,True,False,False,True,False,False,True,False,True,True,False,True,True,False,/mmfs1/gscratch/cheme/usr/evankomp/repos/nomelt/tmp/optimize_consensus/enh_vs_consensus/-1567971625115598441,"[-2.0583597521052086, 0.170663950855398]",KRKRTTFTSEQLERLKEFEKNRYPTEERREQLSKELGLNERQIKVWFQNRRAKIKK,0,COMPLETE
19,19,,2023-09-08 17:54:48.042031,2023-09-08 17:54:50.850772,0 days 00:00:02.808741,False,True,False,True,False,False,False,True,False,True,False,False,True,False,True,True,False,False,True,True,True,False,True,True,False,False,False,True,False,,,,0,PRUNED
20,20,,2023-09-08 17:54:48.746035,2023-09-08 17:54:57.862153,0 days 00:00:09.116118,False,True,False,True,False,False,False,True,False,True,False,False,True,False,True,True,False,False,True,True,True,False,True,True,False,False,False,True,False,,,,0,PRUNED
21,21,,2023-09-08 17:54:50.856123,2023-09-08 17:54:51.069049,0 days 00:00:00.212926,True,False,False,False,False,False,False,False,False,True,False,False,True,True,False,True,False,True,True,True,True,True,True,False,False,True,False,True,False,,,,0,PRUNED
22,22,,2023-09-08 17:54:51.076440,2023-09-08 17:54:56.536941,0 days 00:00:05.460501,True,True,False,True,False,True,False,True,True,False,True,False,True,False,False,True,True,False,False,False,True,False,False,False,True,False,True,True,False,,,,0,PRUNED
23,23,,2023-09-08 17:54:56.546025,2023-09-08 17:54:57.691652,0 days 00:00:01.145627,True,False,True,False,False,True,False,True,True,True,False,False,True,True,False,True,False,False,True,False,False,True,False,True,True,False,True,True,False,,,,0,PRUNED
24,24,-2.581465574662598,2023-09-08 17:54:57.701930,2023-09-08 19:14:02.351408,0 days 01:19:04.649478,True,False,True,True,True,True,True,True,False,True,True,True,False,True,False,False,False,True,True,True,True,False,True,False,False,False,True,False,False,/mmfs1/gscratch/cheme/usr/evankomp/repos/nomelt/tmp/optimize_consensus/enh_vs_consensus/-1485594509953677758,"[-2.581465574662598, 0.02462542638999078]",KRKRTTFSSEQLEELEELFEENRYPSARRRQQLAKKLGLTEAQVKIWFQNKRAKIKK,0,COMPLETE
25,25,,2023-09-08 17:54:57.865575,2023-09-08 17:55:06.749601,0 days 00:00:08.884026,True,False,False,False,False,False,False,False,False,True,False,False,True,True,False,True,False,True,True,True,True,True,True,False,False,True,False,True,False,,,,0,PRUNED
26,26,,2023-09-08 17:55:06.755801,2023-09-08 17:55:14.987555,0 days 00:00:08.231754,True,True,False,True,False,True,False,True,True,False,True,False,True,False,False,True,True,False,False,False,True,False,False,False,True,False,True,True,False,,,,0,PRUNED
27,27,,2023-09-08 17:55:14.990850,2023-09-08 17:55:18.835355,0 days 00:00:03.844505,True,False,True,False,False,True,False,True,True,True,False,False,True,True,False,True,False,False,True,False,False,True,False,True,True,False,True,True,False,,,,0,PRUNED
28,28,,2023-09-08 17:55:18.845880,2023-09-08 17:55:25.846244,0 days 00:00:07.000364,True,False,True,True,True,True,True,True,False,True,True,True,False,True,False,False,False,True,True,True,True,False,True,False,False,False,True,False,False,,,,0,PRUNED
29,29,-2.0901070879210564,2023-09-08 17:55:25.851332,2023-09-08 19:16:15.182309,0 days 01:20:49.330977,False,True,False,False,True,True,False,True,False,False,True,False,False,False,True,True,False,False,False,False,True,False,True,True,True,True,False,False,False,/mmfs1/gscratch/cheme/usr/evankomp/repos/nomelt/tmp/optimize_consensus/enh_vs_consensus/4080956993757428307,"[-2.0901070879210564, 0.06817715933776407]",DRRPRTAFSSEQLARLEEFEENRYLSEREREQLSSELGLTEAQVKVWFQNRRAKEKK,0,COMPLETE
30,30,,2023-09-08 17:57:47.340659,2023-09-08 17:57:54.022129,0 days 00:00:06.681470,True,False,True,False,False,True,False,True,True,True,False,False,True,True,False,True,False,False,True,False,False,True,False,True,True,False,True,True,False,,,,0,PRUNED
31,31,,2023-09-08 17:57:54.026298,2023-09-08 17:58:00.844771,0 days 00:00:06.818473,True,False,True,True,True,True,True,True,False,True,True,True,False,True,False,False,False,True,True,True,True,False,True,False,False,False,True,False,False,,,,0,PRUNED
32,32,,2023-09-08 17:58:00.850514,2023-09-08 17:58:01.128822,0 days 00:00:00.278308,False,True,False,False,True,True,False,True,False,False,True,False,False,False,True,True,False,False,False,False,True,False,True,True,True,True,False,False,False,,,,0,PRUNED
33,33,-2.428609020643154,2023-09-08 17:58:01.136084,2023-09-08 19:18:20.505896,0 days 01:20:19.369812,True,True,True,False,False,True,True,True,False,False,True,False,True,True,False,True,True,False,True,False,True,False,False,False,False,False,False,False,True,/mmfs1/gscratch/cheme/usr/evankomp/repos/nomelt/tmp/optimize_consensus/enh_vs_consensus/-5051810728432114309,"[-2.428609020643154, 0.021851740255213734]",RRKRTAFSKEQLERLKELFEENRYLSEERREELSKELGLTEAQIKIWFQNKRAKIKK,0,COMPLETE
34,34,,2023-09-08 17:59:06.224150,2023-09-08 17:59:07.981686,0 days 00:00:01.757536,True,True,False,True,False,True,False,True,True,False,True,False,True,False,False,True,True,False,False,False,True,False,False,False,True,False,True,True,False,,,,0,PRUNED
35,35,,2023-09-08 17:59:07.991338,2023-09-08 17:59:09.655779,0 days 00:00:01.664441,True,False,True,False,False,True,False,True,True,True,False,False,True,True,False,True,False,False,True,False,False,True,False,True,True,False,True,True,False,,,,0,PRUNED
36,36,,2023-09-08 17:59:09.666402,2023-09-08 17:59:12.524838,0 days 00:00:02.858436,True,False,True,True,True,True,True,True,False,True,True,True,False,True,False,False,False,True,True,True,True,False,True,False,False,False,True,False,False,,,,0,PRUNED
37,37,,2023-09-08 17:59:12.536844,2023-09-08 17:59:13.304108,0 days 00:00:00.767264,False,True,False,False,True,True,False,True,False,False,True,False,False,False,True,True,False,False,False,False,True,False,True,True,True,True,False,False,False,,,,0,PRUNED
38,38,,2023-09-08 17:59:13.310425,2023-09-08 17:59:16.461730,0 days 00:00:03.151305,True,True,True,False,False,True,True,True,False,False,True,False,True,True,False,True,True,False,True,False,True,False,False,False,False,False,False,False,True,,,,0,PRUNED
39,39,-2.3153935331514757,2023-09-08 17:59:16.471363,2023-09-08 19:19:43.961603,0 days 01:20:27.490240,False,True,True,True,False,False,False,False,False,False,False,False,False,False,True,True,True,True,True,False,True,False,False,False,False,False,True,True,True,/mmfs1/gscratch/cheme/usr/evankomp/repos/nomelt/tmp/optimize_consensus/enh_vs_consensus/5338900494462694490,"[-2.3153935331514757, 0.15038085639004123]",DRRPRTTFTKEQLEELKREFNENRYLTEREREELAKELGLTEAQIKIWFQNKRAKIKK,0,COMPLETE
40,40,,2023-09-08 17:59:46.702981,2023-09-08 17:59:53.877663,0 days 00:00:07.174682,True,True,False,True,False,True,False,True,True,False,True,False,True,False,False,True,True,False,False,False,True,False,False,False,True,False,True,True,False,,,,0,PRUNED
41,41,,2023-09-08 17:59:53.885637,2023-09-08 17:59:56.671907,0 days 00:00:02.786270,True,False,True,False,False,True,False,True,True,True,False,False,True,True,False,True,False,False,True,False,False,True,False,True,True,False,True,True,False,,,,0,PRUNED
42,42,,2023-09-08 17:59:56.681555,2023-09-08 18:00:06.787403,0 days 00:00:10.105848,True,False,True,True,True,True,True,True,False,True,True,True,False,True,False,False,False,True,True,True,True,False,True,False,False,False,True,False,False,,,,0,PRUNED
43,43,,2023-09-08 18:00:06.800498,2023-09-08 18:00:11.326658,0 days 00:00:04.526160,False,True,False,False,True,True,False,True,False,False,True,False,False,False,True,True,False,False,False,False,True,False,True,True,True,True,False,False,False,,,,0,PRUNED
44,44,,2023-09-08 18:00:11.336517,2023-09-08 18:00:21.334119,0 days 00:00:09.997602,True,True,True,False,False,True,True,True,False,False,True,False,True,True,False,True,True,False,True,False,True,False,False,False,False,False,False,False,True,,,,0,PRUNED
45,45,,2023-09-08 18:00:21.340677,2023-09-08 18:00:31.360740,0 days 00:00:10.020063,False,True,True,True,False,False,False,False,False,False,False,False,False,False,True,True,True,True,True,False,True,False,False,False,False,False,True,True,True,,,,0,PRUNED
46,46,-2.1961529603983516,2023-09-08 18:00:31.371394,2023-09-08 19:19:45.597180,0 days 01:19:14.225786,False,False,False,True,True,False,True,True,True,True,True,True,False,True,False,False,True,True,False,True,True,True,False,False,True,False,True,False,True,/mmfs1/gscratch/cheme/usr/evankomp/repos/nomelt/tmp/optimize_consensus/enh_vs_consensus/7084391651288658857,"[-2.1961529603983516, 0.10685168270278003]",DKRKRTTFSKEQLAELERELFEKNRYPSARRRQELASKLGLTERQIKIWFQNRRAKIKK,0,COMPLETE
47,47,,2023-09-08 18:01:26.365901,2023-09-08 18:01:31.824531,0 days 00:00:05.458630,True,False,False,False,False,False,False,False,False,True,False,False,True,True,False,True,False,True,True,True,True,True,True,False,False,True,False,True,False,,,,0,PRUNED
48,48,,2023-09-08 18:01:31.832588,2023-09-08 18:01:36.027227,0 days 00:00:04.194639,True,True,False,True,False,True,False,True,True,False,True,False,True,False,False,True,True,False,False,False,True,False,False,False,True,False,True,True,False,,,,0,PRUNED
49,49,,2023-09-08 18:01:36.031834,2023-09-08 18:01:40.589548,0 days 00:00:04.557714,True,False,True,False,False,True,False,True,True,True,False,False,True,True,False,True,False,False,True,False,False,True,False,True,True,False,True,True,False,,,,0,PRUNED
50,50,,2023-09-08 18:01:40.599411,2023-09-08 18:01:40.922744,0 days 00:00:00.323333,True,False,True,True,True,True,True,True,False,True,True,True,False,True,False,False,False,True,True,True,True,False,True,False,False,False,True,False,False,,,,0,PRUNED
51,51,,2023-09-08 18:01:40.931022,2023-09-08 18:01:46.219476,0 days 00:00:05.288454,False,True,False,False,True,True,False,True,False,False,True,False,False,False,True,True,False,False,False,False,True,False,True,True,True,True,False,False,False,,,,0,PRUNED
52,52,,2023-09-08 18:01:46.225915,2023-09-08 18:01:48.520851,0 days 00:00:02.294936,True,True,True,False,False,True,True,True,False,False,True,False,True,True,False,True,True,False,True,False,True,False,False,False,False,False,False,False,True,,,,0,PRUNED
53,53,,2023-09-08 18:01:48.524035,2023-09-08 18:01:51.593495,0 days 00:00:03.069460,False,True,True,True,False,False,False,False,False,False,False,False,False,False,True,True,True,True,True,False,True,False,False,False,False,False,True,True,True,,,,0,PRUNED
54,54,,2023-09-08 18:01:51.601174,2023-09-08 18:01:57.797258,0 days 00:00:06.196084,False,False,False,True,True,False,True,True,True,True,True,True,False,True,False,False,True,True,False,True,True,True,False,False,True,False,True,False,True,,,,0,PRUNED
55,55,-2.3136705265545947,2023-09-08 18:01:57.818861,2023-09-08 19:22:19.845546,0 days 01:20:22.026685,True,False,True,False,False,False,False,False,True,True,True,False,True,True,False,True,False,False,True,False,False,True,True,True,False,True,False,False,False,/mmfs1/gscratch/cheme/usr/evankomp/repos/nomelt/tmp/optimize_consensus/enh_vs_consensus/-7577226123248865904,"[-2.3136705265545947, 0.0765747900456437]",KRKRTAFSSEQLERLKREFNKNRYPSEERREQLSKELGLNERQVKVWFQNKRAKEKK,0,COMPLETE
56,56,,2023-09-08 18:09:09.634107,2023-09-08 18:09:10.158670,0 days 00:00:00.524563,True,False,True,True,True,True,True,True,False,True,True,True,False,True,False,False,False,True,True,True,True,False,True,False,False,False,True,False,False,,,,0,PRUNED
57,57,,2023-09-08 18:09:10.169148,2023-09-08 18:09:18.989702,0 days 00:00:08.820554,False,True,False,False,True,True,False,True,False,False,True,False,False,False,True,True,False,False,False,False,True,False,True,True,True,True,False,False,False,,,,0,PRUNED
58,58,,2023-09-08 18:09:18.997857,2023-09-08 18:09:20.240576,0 days 00:00:01.242719,True,True,True,False,False,True,True,True,False,False,True,False,True,True,False,True,True,False,True,False,True,False,False,False,False,False,False,False,True,,,,0,PRUNED
59,59,,2023-09-08 18:09:20.247651,2023-09-08 18:09:21.363709,0 days 00:00:01.116058,False,True,True,True,False,False,False,False,False,False,False,False,False,False,True,True,True,True,True,False,True,False,False,False,False,False,True,True,True,,,,0,PRUNED
60,60,,2023-09-08 18:09:21.374284,2023-09-08 18:09:23.630193,0 days 00:00:02.255909,False,False,False,True,True,False,True,True,True,True,True,True,False,True,False,False,True,True,False,True,True,True,False,False,True,False,True,False,True,,,,0,PRUNED
61,61,,2023-09-08 18:09:23.642657,2023-09-08 18:09:26.303308,0 days 00:00:02.660651,True,False,True,False,False,False,False,False,True,True,True,False,True,True,False,True,False,False,True,False,False,True,True,True,False,True,False,False,False,,,,0,PRUNED
62,62,-2.36237093794068,2023-09-08 18:09:26.311763,2023-09-08 19:29:50.802860,0 days 01:20:24.491097,False,True,True,True,False,True,True,False,False,False,False,True,False,False,True,False,True,False,True,False,False,False,True,True,False,False,False,False,True,/mmfs1/gscratch/cheme/usr/evankomp/repos/nomelt/tmp/optimize_consensus/enh_vs_consensus/-2606034838207667001,"[-2.36237093794068, 0.01679886982161905]",DRRPRTAFSKEQLEELKELFNENRYLTARERQELSKELGLNEAQVKVWFQNKRAKIKK,0,COMPLETE
63,63,,2023-09-08 19:14:02.362117,2023-09-08 19:14:11.088149,0 days 00:00:08.726032,False,True,False,False,True,True,False,True,False,False,True,False,False,False,True,True,False,False,False,False,True,False,True,True,True,True,False,False,False,,,,0,PRUNED
64,64,,2023-09-08 19:14:11.097553,2023-09-08 19:14:21.029462,0 days 00:00:09.931909,True,True,True,False,False,True,True,True,False,False,True,False,True,True,False,True,True,False,True,False,True,False,False,False,False,False,False,False,True,,,,0,PRUNED
65,65,,2023-09-08 19:14:21.039146,2023-09-08 19:14:22.424648,0 days 00:00:01.385502,False,True,True,True,False,False,False,False,False,False,False,False,False,False,True,True,True,True,True,False,True,False,False,False,False,False,True,True,True,,,,0,PRUNED
66,66,,2023-09-08 19:14:22.437099,2023-09-08 19:14:25.568583,0 days 00:00:03.131484,False,False,False,True,True,False,True,True,True,True,True,True,False,True,False,False,True,True,False,True,True,True,False,False,True,False,True,False,True,,,,0,PRUNED
67,67,,2023-09-08 19:14:25.576284,2023-09-08 19:14:35.680949,0 days 00:00:10.104665,True,False,True,False,False,False,False,False,True,True,True,False,True,True,False,True,False,False,True,False,False,True,True,True,False,True,False,False,False,,,,0,PRUNED
68,68,,2023-09-08 19:14:35.688963,2023-09-08 19:14:36.554561,0 days 00:00:00.865598,False,True,True,True,False,True,True,False,False,False,False,True,False,False,True,False,True,False,True,False,False,False,True,True,False,False,False,False,True,,,,0,PRUNED
69,69,-2.5226606326025505,2023-09-08 19:14:36.564875,2023-09-08 20:38:20.214280,0 days 01:23:43.649405,False,True,False,False,False,False,False,True,True,True,True,False,True,False,True,True,True,True,False,False,False,False,True,False,True,False,False,True,False,/mmfs1/gscratch/cheme/usr/evankomp/repos/nomelt/tmp/optimize_consensus/enh_vs_consensus/7736230030699708416,"[-2.5226606326025505, 0.049881472592432925]",DRRPRTAFTSEQLARLKREFEKNRYPSEEEREELASELGLNEAQVKIWFQNRRAKIKK,0,COMPLETE
70,70,,2023-09-08 19:16:15.189408,2023-09-08 19:16:20.354523,0 days 00:00:05.165115,True,True,True,False,False,True,True,True,False,False,True,False,True,True,False,True,True,False,True,False,True,False,False,False,False,False,False,False,True,,,,0,PRUNED
71,71,,2023-09-08 19:16:20.362668,2023-09-08 19:16:23.404969,0 days 00:00:03.042301,False,True,True,True,False,False,False,False,False,False,False,False,False,False,True,True,True,True,True,False,True,False,False,False,False,False,True,True,True,,,,0,PRUNED
72,72,,2023-09-08 19:16:23.409666,2023-09-08 19:16:28.993740,0 days 00:00:05.584074,False,False,False,True,True,False,True,True,True,True,True,True,False,True,False,False,True,True,False,True,True,True,False,False,True,False,True,False,True,,,,0,PRUNED
73,73,,2023-09-08 19:16:29.000394,2023-09-08 19:16:37.259515,0 days 00:00:08.259121,True,False,True,False,False,False,False,False,True,True,True,False,True,True,False,True,False,False,True,False,False,True,True,True,False,True,False,False,False,,,,0,PRUNED
74,74,,2023-09-08 19:16:37.268584,2023-09-08 19:16:37.546185,0 days 00:00:00.277601,False,True,True,True,False,True,True,False,False,False,False,True,False,False,True,False,True,False,True,False,False,False,True,True,False,False,False,False,True,,,,0,PRUNED
75,75,,2023-09-08 19:16:37.556259,2023-09-08 19:16:45.415552,0 days 00:00:07.859293,False,True,False,False,False,False,False,True,True,True,True,False,True,False,True,True,True,True,False,False,False,False,True,False,True,False,False,True,False,,,,0,PRUNED
76,76,-2.45399039508937,2023-09-08 19:16:45.465256,2023-09-08 20:37:59.916457,0 days 01:21:14.451201,True,True,True,False,False,False,False,True,True,True,True,False,False,False,True,True,True,False,False,False,True,False,False,True,True,True,True,False,True,/mmfs1/gscratch/cheme/usr/evankomp/repos/nomelt/tmp/optimize_consensus/enh_vs_consensus/-8393665218939940860,"[-2.45399039508937, 0.06766120054566317]",RRPRTTFSKEQLERLKREFEKNRYPSEREREELSSELGLTEAQIKVWFQNRRAKEKK,0,COMPLETE
77,77,-2.419326372834914,2023-09-08 19:18:20.512512,2023-09-08 20:40:12.717805,0 days 01:21:52.205293,True,False,False,False,False,False,False,False,False,True,False,False,True,True,False,True,False,True,True,True,True,True,True,False,True,True,False,True,False,/mmfs1/gscratch/cheme/usr/evankomp/repos/nomelt/tmp/optimize_consensus/enh_vs_consensus/-3240447509384057239,"[-2.419326372834914, 0.037092200893811524]",KRKRTAFTSEQLARLKREFNENRYPTEERREQLAKKLGLTERQVKIWFQNRRAKEKK,1,COMPLETE
78,78,,2023-09-08 19:19:43.973196,2023-09-08 19:19:51.291662,0 days 00:00:07.318466,True,False,False,False,False,False,False,False,False,True,False,False,True,True,False,True,False,True,True,True,True,True,True,False,False,True,False,True,False,,,,1,PRUNED
79,79,-2.1719050960197785,2023-09-08 19:19:45.607233,2023-09-08 20:43:06.077203,0 days 01:23:20.469970,True,False,False,False,False,True,False,False,False,True,False,False,True,True,False,True,False,True,True,True,True,True,True,False,False,True,False,True,False,/mmfs1/gscratch/cheme/usr/evankomp/repos/nomelt/tmp/optimize_consensus/enh_vs_consensus/-205989731518617372,"[-2.1719050960197785, 0.0521685169365889]",KRKRTAFTSEQLARLKEFNENRYPTEERREQLAKKLGLTERQVKIWFQNKRAKEKK,1,COMPLETE
80,80,-2.4845540928095664,2023-09-08 19:19:51.301132,2023-09-08 20:46:28.860927,0 days 01:26:37.559795,False,False,True,True,True,True,True,True,False,True,True,True,False,True,False,False,False,True,True,True,True,True,False,False,False,False,True,False,False,/mmfs1/gscratch/cheme/usr/evankomp/repos/nomelt/tmp/optimize_consensus/enh_vs_consensus/-7147160131692622467,"[-2.4845540928095664, 0.04752184278968192]",DKRKRTTFSSEQLEELEELFEENRYPSARRRQQLAKKLGLTERQIKIWFQNKRAKIKK,1,COMPLETE
81,81,,2023-09-08 19:22:19.852505,2023-09-08 19:22:23.622495,0 days 00:00:03.769990,True,False,False,False,False,False,False,False,False,True,False,False,True,True,False,True,False,True,True,True,True,True,True,False,True,True,False,True,False,,,,1,PRUNED
82,82,-2.450015583511524,2023-09-08 19:22:23.634216,2023-09-08 20:48:25.280403,0 days 01:26:01.646187,True,False,True,False,True,True,True,True,False,True,True,False,True,True,False,True,False,False,True,True,False,True,True,False,False,True,True,False,False,/mmfs1/gscratch/cheme/usr/evankomp/repos/nomelt/tmp/optimize_consensus/enh_vs_consensus/-6590212660581826527,"[-2.450015583511524, 0.05538406705374564]",KRKRTTFSSEQLERLEELFEENRYPSEERREQLSKKLGLNERQVKIWFQNKRAKEKK,1,COMPLETE
83,83,,2023-09-08 19:29:50.808921,2023-09-08 19:29:51.680068,0 days 00:00:00.871147,True,False,False,False,False,False,False,False,False,True,False,False,True,True,False,True,False,True,True,True,True,True,True,False,True,True,False,True,False,,,,1,PRUNED
84,84,-2.4918957790915393,2023-09-08 19:29:51.690623,2023-09-08 20:51:54.197250,0 days 01:22:02.506627,False,True,True,False,True,True,True,True,False,True,False,False,False,False,True,True,False,True,True,True,False,False,False,False,False,False,True,False,False,/mmfs1/gscratch/cheme/usr/evankomp/repos/nomelt/tmp/optimize_consensus/enh_vs_consensus/978222010233625934,"[-2.4918957790915393, 0.054609112878588696]",DRRPRTTFSSEQLERLEELFEENRYPTEREREQLAKKLGLNEAQIKIWFQNKRAKIKK,1,COMPLETE
85,85,-2.1487490770726265,2023-09-08 20:37:59.924834,2023-09-08 21:57:39.735979,0 days 01:19:39.811145,True,False,False,False,False,True,False,False,False,True,False,False,True,True,False,True,False,True,True,True,True,True,True,False,True,True,False,True,False,/mmfs1/gscratch/cheme/usr/evankomp/repos/nomelt/tmp/optimize_consensus/enh_vs_consensus/3185570335185560546,"[-2.1487490770726265, 0.12429318238302732]",KRKRTAFTSEQLARLKEFNENRYPTEERREQLAKKLGLTERQVKIWFQNRRAKEKK,1,COMPLETE
86,86,-2.212024662723178,2023-09-08 20:38:20.224066,2023-09-08 21:57:11.562080,0 days 01:18:51.338014,True,False,False,False,True,True,False,True,False,True,False,False,True,True,False,True,False,True,True,True,True,True,True,False,True,False,False,True,False,/mmfs1/gscratch/cheme/usr/evankomp/repos/nomelt/tmp/optimize_consensus/enh_vs_consensus/-2100959207897559013,"[-2.212024662723178, 0.07608956008035084]",KRKRTAFTSEQLARLEEFEENRYPTEERREQLAKKLGLTERQVKIWFQNRRAKIKK,1,COMPLETE
87,87,-2.423066333010712,2023-09-08 20:40:12.729153,2023-09-08 22:02:10.018279,0 days 01:21:57.289126,False,True,True,False,True,True,True,True,False,True,False,False,True,False,True,True,False,False,True,True,True,False,True,False,False,False,True,False,False,/mmfs1/gscratch/cheme/usr/evankomp/repos/nomelt/tmp/optimize_consensus/enh_vs_consensus/-3592419528961013510,"[-2.423066333010712, 0.03974306810447202]",DRRPRTTFSSEQLERLEELFEENRYPTEEEREQLSKKLGLTEAQVKIWFQNKRAKIKK,1,COMPLETE
88,88,-2.5097852736494226,2023-09-08 20:43:06.087403,2023-09-08 22:03:32.156542,0 days 01:20:26.069139,False,True,True,True,True,True,True,True,False,True,False,False,True,False,True,True,False,False,True,True,False,False,True,False,False,False,True,False,False,/mmfs1/gscratch/cheme/usr/evankomp/repos/nomelt/tmp/optimize_consensus/enh_vs_consensus/2987806623260954339,"[-2.5097852736494226, 0.027836488842316723]",DRRPRTTFSSEQLEELEELFEENRYPTEEEREQLSKKLGLNEAQVKIWFQNKRAKIKK,1,COMPLETE
89,89,-2.247905209162438,2023-09-08 20:46:28.868369,2023-09-08 22:06:01.734117,0 days 01:19:32.865748,True,False,False,True,False,False,True,True,False,True,False,False,True,True,False,False,False,True,True,True,True,True,True,False,False,False,False,False,False,/mmfs1/gscratch/cheme/usr/evankomp/repos/nomelt/tmp/optimize_consensus/enh_vs_consensus/-4749644843849552171,"[-2.247905209162438, 0.08049290742036981]",KRKRTAFSSEQLAELKRELFEENRYPTEERRQQLAKKLGLTERQVKIWFQNKRAKIKK,1,COMPLETE
90,90,,2023-09-08 20:48:25.287733,2023-09-08 20:48:35.475626,0 days 00:00:10.187893,True,False,False,True,False,False,True,True,False,True,False,False,True,True,False,False,False,True,True,True,True,True,True,False,False,False,False,False,False,,,,1,PRUNED
91,91,-2.3787800768622813,2023-09-08 20:48:35.482595,2023-09-08 22:09:27.789459,0 days 01:20:52.306864,True,False,False,False,False,False,False,False,True,False,True,False,True,True,False,True,True,True,True,True,True,True,True,False,False,True,False,True,True,/mmfs1/gscratch/cheme/usr/evankomp/repos/nomelt/tmp/optimize_consensus/enh_vs_consensus/-1774187338716277105,"[-2.3787800768622813, 0.056486418683490434]",KRKRTAFTKEQLARLKREFNKNRYLSEERREELAKKLGLTERQVKIWFQNKRAKEKK,1,COMPLETE
92,92,-2.2055033381078695,2023-09-08 20:51:54.209053,2023-09-08 22:12:09.347085,0 days 01:20:15.138032,True,False,False,True,False,False,True,True,False,True,False,False,True,True,False,False,True,True,True,True,True,True,True,False,False,False,False,False,False,/mmfs1/gscratch/cheme/usr/evankomp/repos/nomelt/tmp/optimize_consensus/enh_vs_consensus/-7196275247729936736,"[-2.2055033381078695, 0.16198357647972808]",KRKRTAFSSEQLAELKRELFEENRYPTEERRQELAKKLGLTERQVKIWFQNKRAKIKK,1,COMPLETE
93,93,,2023-09-08 21:57:11.571248,2023-09-08 21:57:16.048809,0 days 00:00:04.477561,False,True,True,False,True,True,True,True,False,True,False,False,True,False,True,True,False,False,True,True,True,False,True,False,False,False,True,False,False,,,,1,PRUNED
94,94,,2023-09-08 21:57:16.058261,2023-09-08 21:57:23.778903,0 days 00:00:07.720642,True,False,False,True,False,False,True,True,False,True,False,False,True,True,False,False,False,True,True,True,True,True,True,False,False,False,False,False,False,,,,1,PRUNED
95,95,,2023-09-08 21:57:23.783080,2023-09-08 21:57:33.800882,0 days 00:00:10.017802,True,False,False,False,False,False,False,False,True,False,True,False,True,True,False,True,True,True,True,True,True,True,True,False,False,True,False,True,True,,,,1,PRUNED
96,96,-2.3908784289120244,2023-09-08 21:57:33.813043,2023-09-08 23:15:53.266357,0 days 01:18:19.453314,True,False,False,False,False,False,False,False,False,True,False,False,True,True,False,True,False,False,True,True,True,True,True,False,False,True,False,True,False,/mmfs1/gscratch/cheme/usr/evankomp/repos/nomelt/tmp/optimize_consensus/enh_vs_consensus/-479138353636896111,"[-2.3908784289120244, 0.05292273524027648]",KRKRTAFTSEQLARLKREFNENRYPTEERREQLSKKLGLTERQVKIWFQNKRAKEKK,1,COMPLETE
97,97,-2.498845326977163,2023-09-08 21:57:39.742943,2023-09-08 23:22:37.751602,0 days 01:24:58.008659,False,True,True,True,True,True,True,True,False,True,False,False,True,False,True,True,False,False,True,True,True,False,True,False,False,False,True,False,False,/mmfs1/gscratch/cheme/usr/evankomp/repos/nomelt/tmp/optimize_consensus/enh_vs_consensus/-6214145768496900460,"[-2.498845326977163, 0.033348286572582986]",DRRPRTTFSSEQLEELEELFEENRYPTEEEREQLSKKLGLTEAQVKIWFQNKRAKIKK,1,COMPLETE
98,98,,2023-09-08 22:02:10.028013,2023-09-08 22:02:14.876778,0 days 00:00:04.848765,True,False,False,True,False,False,True,True,False,True,False,False,True,True,False,False,True,True,True,True,True,True,True,False,False,False,False,False,False,,,,1,PRUNED
99,99,,2023-09-08 22:02:14.886215,2023-09-08 22:02:22.108602,0 days 00:00:07.222387,True,False,False,False,False,False,False,False,True,False,True,False,True,True,False,True,True,True,True,True,True,True,True,False,False,True,False,True,True,,,,1,PRUNED
100,100,,2023-09-08 22:02:22.118989,2023-09-08 22:02:23.761906,0 days 00:00:01.642917,True,False,False,False,False,False,False,False,False,True,False,False,True,True,False,True,False,True,True,True,True,True,True,False,False,True,False,True,False,,,,1,PRUNED
101,101,-2.520886430445769,2023-09-08 22:02:23.773675,2023-09-08 23:22:35.520960,0 days 01:20:11.747285,True,True,False,False,False,False,False,True,True,False,True,False,False,False,True,False,True,True,False,False,True,False,False,False,True,True,False,False,True,/mmfs1/gscratch/cheme/usr/evankomp/repos/nomelt/tmp/optimize_consensus/enh_vs_consensus/5376154376537534097,"[-2.520886430445769, 0.057353117931999154]",RRPRTAFSKEQLARLKREFEKNRYLSERERQELASELGLTEAQIKIWFQNRRAKEKK,1,COMPLETE
102,102,,2023-09-08 22:03:32.166807,2023-09-08 22:03:32.806182,0 days 00:00:00.639375,True,False,False,True,False,False,True,True,False,True,False,False,True,True,False,False,False,True,True,True,True,True,True,False,False,False,False,False,False,,,,1,PRUNED
103,103,-2.362219086805201,2023-09-08 22:03:32.815833,2023-09-08 23:23:18.325570,0 days 01:19:45.509737,True,False,False,False,False,False,False,False,True,False,True,False,True,True,False,True,True,True,True,True,True,True,True,False,False,False,False,True,True,/mmfs1/gscratch/cheme/usr/evankomp/repos/nomelt/tmp/optimize_consensus/enh_vs_consensus/4424524988282753987,"[-2.362219086805201, 0.03773179526732084]",KRKRTAFTKEQLARLKREFNKNRYLSEERREELAKKLGLTERQVKIWFQNKRAKIKK,1,COMPLETE
104,104,-2.4371377346944803,2023-09-08 22:06:01.746904,2023-09-08 23:24:48.414237,0 days 01:18:46.667333,False,False,False,True,True,True,True,True,True,False,True,False,True,False,False,True,True,False,True,True,True,True,True,False,False,True,False,False,True,/mmfs1/gscratch/cheme/usr/evankomp/repos/nomelt/tmp/optimize_consensus/enh_vs_consensus/4655102436837319843,"[-2.4371377346944803, 0.0338305764883253]",DKRPRTAFSKEQLAELEELFEKNRYLSEERREELSKKLGLTERQVKIWFQNKRAKEKK,2,COMPLETE
105,105,-2.6036217818098444,2023-09-08 22:09:27.799006,2023-09-08 23:30:02.390407,0 days 01:20:34.591401,False,True,True,True,True,True,True,True,False,True,False,False,True,False,True,True,False,True,True,True,False,False,True,False,False,False,True,True,False,/mmfs1/gscratch/cheme/usr/evankomp/repos/nomelt/tmp/optimize_consensus/enh_vs_consensus/2165512914665414240,"[-2.6036217818098444, 0.021434171854137197]",DRRPRTTFTSEQLEELEELFEENRYPTEEEREQLAKKLGLNEAQVKIWFQNKRAKIKK,2,COMPLETE
106,106,-2.4235346281368364,2023-09-08 22:12:09.359445,2023-09-08 23:32:45.771905,0 days 01:20:36.412460,False,False,False,True,True,True,True,True,True,False,True,False,True,False,False,True,True,False,True,True,True,True,True,False,False,False,False,False,True,/mmfs1/gscratch/cheme/usr/evankomp/repos/nomelt/tmp/optimize_consensus/enh_vs_consensus/1046301472926938496,"[-2.4235346281368364, 0.028441284606823995]",DKRPRTAFSKEQLAELEELFEKNRYLSEERREELSKKLGLTERQVKIWFQNKRAKIKK,2,COMPLETE
107,107,-2.3900003304723425,2023-09-08 23:15:53.272173,2023-09-09 00:34:26.078109,0 days 01:18:32.805936,False,False,False,True,True,True,True,True,True,False,True,True,False,True,False,False,True,True,False,True,True,True,False,False,True,False,False,False,True,/mmfs1/gscratch/cheme/usr/evankomp/repos/nomelt/tmp/optimize_consensus/enh_vs_consensus/-845748700680197117,"[-2.3900003304723425, 0.04129541652689188]",DKRKRTAFSKEQLAELEELFEKNRYLSARRRQELASKLGLTERQIKIWFQNRRAKIKK,2,COMPLETE
108,108,-2.440804633858737,2023-09-08 23:22:35.530508,2023-09-09 00:43:54.935539,0 days 01:21:19.405031,False,True,True,False,True,True,True,True,False,True,False,False,False,False,True,True,False,True,True,True,False,False,False,False,False,False,False,False,False,/mmfs1/gscratch/cheme/usr/evankomp/repos/nomelt/tmp/optimize_consensus/enh_vs_consensus/3427534349195624902,"[-2.440804633858737, 0.150860955306265]",DRRPRTAFSSEQLERLEELFEENRYPTEREREQLAKKLGLNEAQIKIWFQNKRAKIKK,2,COMPLETE
109,109,-2.1303146889519806,2023-09-08 23:22:37.765413,2023-09-09 00:44:13.905018,0 days 01:21:36.139605,True,False,False,True,True,False,True,True,False,False,True,True,True,True,False,False,False,True,False,True,True,True,True,False,False,False,False,False,False,/mmfs1/gscratch/cheme/usr/evankomp/repos/nomelt/tmp/optimize_consensus/enh_vs_consensus/1345566569966168665,"[-2.1303146889519806, 0.17818942505613727]",KRKRTAFSSEQLAELERELFEENRYLSAERRQQLASKLGLTERQVKIWFQNKRAKIKK,2,COMPLETE
110,110,-2.4394760363381187,2023-09-08 23:23:18.335596,2023-09-09 00:43:56.157872,0 days 01:20:37.822276,True,False,False,True,True,False,False,True,True,False,True,True,True,False,False,True,True,False,False,True,True,True,True,False,False,False,False,True,True,/mmfs1/gscratch/cheme/usr/evankomp/repos/nomelt/tmp/optimize_consensus/enh_vs_consensus/9086049719861022024,"[-2.4394760363381187, 0.03727821021313399]",KRPRTAFTKEQLAELEREFEKNRYLSAERREELSSKLGLTERQVKIWFQNKRAKIKK,2,COMPLETE
111,111,,2023-09-08 23:24:48.424306,2023-09-08 23:24:58.186455,0 days 00:00:09.762149,True,False,False,True,True,False,False,True,True,False,True,True,True,False,False,True,True,True,False,True,True,True,True,False,True,False,False,False,True,,,,2,PRUNED
112,112,-2.5178054153490383,2023-09-08 23:24:58.192380,2023-09-09 00:49:21.959043,0 days 01:24:23.766663,False,True,False,True,True,True,True,True,True,False,True,False,True,False,True,False,True,True,False,True,True,False,True,False,True,False,False,False,True,/mmfs1/gscratch/cheme/usr/evankomp/repos/nomelt/tmp/optimize_consensus/enh_vs_consensus/8743604212038270509,"[-2.5178054153490383, 0.03083514130554754]",DRRPRTAFSKEQLAELEELFEKNRYLSEEERQELASKLGLTEAQVKIWFQNRRAKIKK,2,COMPLETE
113,113,-2.512100706241734,2023-09-08 23:30:02.399315,2023-09-09 00:52:26.272757,0 days 01:22:23.873442,False,True,False,True,True,True,True,True,True,False,True,False,True,False,True,True,True,True,False,True,True,False,True,False,True,False,False,False,True,/mmfs1/gscratch/cheme/usr/evankomp/repos/nomelt/tmp/optimize_consensus/enh_vs_consensus/-5004491645464563627,"[-2.512100706241734, 0.033637015847837744]",DRRPRTAFSKEQLAELEELFEKNRYLSEEEREELASKLGLTEAQVKIWFQNRRAKIKK,2,COMPLETE
114,114,-2.365580690953991,2023-09-08 23:32:45.784867,2023-09-09 00:55:29.014528,0 days 01:22:43.229661,True,False,False,True,True,False,False,True,True,False,True,True,True,False,False,True,True,False,False,True,True,True,True,False,False,False,False,False,True,/mmfs1/gscratch/cheme/usr/evankomp/repos/nomelt/tmp/optimize_consensus/enh_vs_consensus/-8051736837561606239,"[-2.365580690953991, 0.20988327735547554]",KRPRTAFSKEQLAELEREFEKNRYLSAERREELSSKLGLTERQVKIWFQNKRAKIKK,2,COMPLETE
115,115,-2.5102663768739277,2023-09-09 00:34:26.086843,2023-09-09 01:57:31.905264,0 days 01:23:05.818421,False,True,True,True,True,True,True,True,False,True,False,False,False,False,True,True,False,True,True,True,False,False,False,False,False,False,False,True,False,/mmfs1/gscratch/cheme/usr/evankomp/repos/nomelt/tmp/optimize_consensus/enh_vs_consensus/-7428523712587120045,"[-2.5102663768739277, 0.024563444854764006]",DRRPRTAFTSEQLEELEELFEENRYPTEREREQLAKKLGLNEAQIKIWFQNKRAKIKK,2,COMPLETE
116,116,-2.493679439098854,2023-09-09 00:43:54.949894,2023-09-09 02:06:12.758655,0 days 01:22:17.808761,True,True,False,False,True,False,False,True,True,False,True,False,True,False,True,False,True,True,False,True,True,False,True,False,True,False,False,False,True,/mmfs1/gscratch/cheme/usr/evankomp/repos/nomelt/tmp/optimize_consensus/enh_vs_consensus/-5865399797194218979,"[-2.493679439098854, 0.03529968770238313]",RRPRTAFSKEQLARLEREFEKNRYLSEEERQELASKLGLTEAQVKIWFQNRRAKIKK,2,COMPLETE
117,117,,2023-09-09 00:43:56.172161,2023-09-09 00:44:01.990200,0 days 00:00:05.818039,False,True,False,True,True,True,True,True,True,False,True,False,True,False,True,False,True,True,False,True,True,False,True,False,True,False,False,False,True,,,,2,PRUNED
118,118,-2.516410887775496,2023-09-09 00:44:01.999983,2023-09-09 02:07:29.867569,0 days 01:23:27.867586,False,True,True,True,True,True,True,True,False,True,False,False,False,False,True,True,False,True,True,True,False,False,False,False,False,False,False,False,False,/mmfs1/gscratch/cheme/usr/evankomp/repos/nomelt/tmp/optimize_consensus/enh_vs_consensus/-6735267079583749767,"[-2.516410887775496, 0.015979572815952678]",DRRPRTAFSSEQLEELEELFEENRYPTEREREQLAKKLGLNEAQIKIWFQNKRAKIKK,2,COMPLETE
119,119,-2.449344693707311,2023-09-09 00:44:13.919304,2023-09-09 02:10:48.686748,0 days 01:26:34.767444,True,True,False,True,True,False,False,True,True,False,True,True,True,False,True,False,True,True,False,True,True,False,False,False,True,True,False,False,True,/mmfs1/gscratch/cheme/usr/evankomp/repos/nomelt/tmp/optimize_consensus/enh_vs_consensus/6378016672838248654,"[-2.449344693707311, 0.03250324353984581]",RRPRTAFSKEQLAELEREFEKNRYLSAEERQELASKLGLTEAQIKIWFQNRRAKEKK,2,COMPLETE
120,120,-2.5467786968042962,2023-09-09 00:49:21.970035,2023-09-09 02:12:26.299784,0 days 01:23:04.329749,False,True,True,True,True,True,True,True,False,True,False,False,False,False,True,True,False,True,True,True,False,False,False,False,False,False,True,True,False,/mmfs1/gscratch/cheme/usr/evankomp/repos/nomelt/tmp/optimize_consensus/enh_vs_consensus/8619608499584646204,"[-2.5467786968042962, 0.016768127677902044]",DRRPRTTFTSEQLEELEELFEENRYPTEREREQLAKKLGLNEAQIKIWFQNKRAKIKK,2,COMPLETE
121,121,,2023-09-09 00:52:26.283139,2023-09-09 00:52:33.610701,0 days 00:00:07.327562,False,True,True,False,True,True,True,True,False,True,False,False,False,False,True,True,False,True,True,True,False,False,False,False,False,False,True,False,False,,,,2,PRUNED
122,122,,2023-09-09 00:52:33.619689,2023-09-09 00:52:42.222052,0 days 00:00:08.602363,True,True,False,False,True,False,False,True,True,False,True,False,True,False,True,False,True,True,False,True,True,False,True,False,True,False,False,False,True,,,,2,PRUNED
123,123,-2.1832234744647403,2023-09-09 00:52:42.232105,2023-09-09 02:14:01.321370,0 days 01:21:19.089265,True,False,True,True,True,True,False,True,True,True,True,True,True,False,False,True,False,True,False,True,True,False,True,False,False,False,True,False,True,/mmfs1/gscratch/cheme/usr/evankomp/repos/nomelt/tmp/optimize_consensus/enh_vs_consensus/-1649871567202951444,"[-2.1832234744647403, 0.11431139815357315]",KRPRTTFSKEQLEELEEFEKNRYPSAERREQLASKLGLTEAQVKIWFQNKRAKIKK,2,COMPLETE
124,124,-2.5783007124906483,2023-09-09 00:55:29.026361,2023-09-09 02:18:02.618227,0 days 01:22:33.591866,True,False,True,True,True,False,False,True,False,True,True,True,True,False,False,False,False,True,True,True,True,True,True,False,False,False,True,False,False,/mmfs1/gscratch/cheme/usr/evankomp/repos/nomelt/tmp/optimize_consensus/enh_vs_consensus/-2235063306186593963,"[-2.5783007124906483, 0.049853319855919315]",KRPRTTFSSEQLEELEREFEENRYPSAERRQQLAKKLGLTERQVKIWFQNKRAKIKK,3,COMPLETE
125,125,-2.270325083668807,2023-09-09 01:57:31.918572,2023-09-09 03:20:51.549346,0 days 01:23:19.630774,False,True,False,False,True,True,False,True,False,True,True,False,False,True,True,True,False,True,False,True,True,False,True,False,False,False,True,False,False,/mmfs1/gscratch/cheme/usr/evankomp/repos/nomelt/tmp/optimize_consensus/enh_vs_consensus/-8141533290022727048,"[-2.270325083668807, 0.03679963061490457]",DRRKRTTFSSEQLARLEEFEENRYPSEREREQLASKLGLTEAQVKIWFQNKRAKIKK,3,COMPLETE
126,126,-2.6575155881396424,2023-09-09 02:06:12.772922,2023-09-09 03:32:09.170110,0 days 01:25:56.397188,True,False,True,True,True,True,True,True,False,True,True,True,False,True,True,False,False,True,True,True,True,False,True,False,False,False,True,False,False,/mmfs1/gscratch/cheme/usr/evankomp/repos/nomelt/tmp/optimize_consensus/enh_vs_consensus/-7973234463219237964,"[-2.6575155881396424, 0.0286079446909219]",KRKRTTFSSEQLEELEELFEENRYPSARERQQLAKKLGLTEAQVKIWFQNKRAKIKK,3,COMPLETE
127,127,,2023-09-09 02:07:29.878858,2023-09-09 02:07:31.219098,0 days 00:00:01.340240,False,True,False,False,True,True,False,True,False,True,True,False,False,True,True,True,False,True,False,True,True,False,True,False,False,False,True,False,False,,,,3,PRUNED
128,128,,2023-09-09 02:07:31.227106,2023-09-09 02:07:36.143288,0 days 00:00:04.916182,True,False,True,True,True,True,True,True,False,True,True,True,False,True,True,False,False,True,True,True,True,False,True,False,False,False,True,False,False,,,,3,PRUNED
129,129,-2.4540104166673906,2023-09-09 02:07:36.153846,2023-09-09 03:29:47.388652,0 days 01:22:11.234806,False,False,True,True,True,True,True,True,True,True,True,False,False,True,False,True,False,True,True,True,True,False,False,False,False,False,False,True,False,/mmfs1/gscratch/cheme/usr/evankomp/repos/nomelt/tmp/optimize_consensus/enh_vs_consensus/6865403555191605987,"[-2.4540104166673906, 0.029600140114661506]",DKRKRTAFTSEQLEELEELFEKNRYPSERRREQLAKKLGLTEAQIKIWFQNKRAKIKK,3,COMPLETE
130,130,-2.5272366918483415,2023-09-09 02:10:48.697026,2023-09-09 03:34:37.556517,0 days 01:23:48.859491,True,True,False,False,False,False,False,True,True,False,True,False,False,False,True,False,True,True,False,False,True,False,False,False,True,True,False,True,True,/mmfs1/gscratch/cheme/usr/evankomp/repos/nomelt/tmp/optimize_consensus/enh_vs_consensus/7174019021683983138,"[-2.5272366918483415, 0.04270224660180495]",RRPRTAFTKEQLARLKREFEKNRYLSERERQELASELGLTEAQIKIWFQNRRAKEKK,3,COMPLETE
131,131,-2.1304653453818427,2023-09-09 02:12:26.309855,2023-09-09 03:29:36.631472,0 days 01:17:10.321617,True,False,False,True,True,True,False,True,False,False,True,True,False,True,False,True,False,True,False,True,True,True,True,False,False,False,True,False,False,/mmfs1/gscratch/cheme/usr/evankomp/repos/nomelt/tmp/optimize_consensus/enh_vs_consensus/2659940639994355759,"[-2.1304653453818427, 0.0652040699530945]",KRKRTTFSSEQLAELEEFEENRYLSARRREQLASKLGLTERQVKIWFQNKRAKIKK,3,COMPLETE
132,132,-2.3734819616288845,2023-09-09 02:14:01.334004,2023-09-09 03:37:08.832046,0 days 01:23:07.498042,False,False,True,True,True,True,True,True,False,False,True,False,False,True,False,True,True,True,False,True,True,False,True,False,True,False,False,False,False,/mmfs1/gscratch/cheme/usr/evankomp/repos/nomelt/tmp/optimize_consensus/enh_vs_consensus/2050455975624877150,"[-2.3734819616288845, 0.042343209413624225]",DKRKRTAFSSEQLEELEELFEENRYLSERRREELASKLGLTEAQVKIWFQNRRAKIKK,3,COMPLETE
133,133,,2023-09-09 02:18:02.623988,2023-09-09 02:18:06.834817,0 days 00:00:04.210829,False,True,True,True,True,True,True,True,False,True,False,False,False,False,True,True,False,True,True,True,False,False,False,False,False,False,False,True,False,,,,3,PRUNED
134,134,,2023-09-09 02:18:06.841558,2023-09-09 02:18:09.728751,0 days 00:00:02.887193,True,False,False,True,True,True,False,True,False,False,True,True,False,True,False,True,False,True,False,True,True,True,True,False,False,False,True,False,False,,,,3,PRUNED
135,135,,2023-09-09 02:18:09.736007,2023-09-09 02:18:09.972372,0 days 00:00:00.236365,True,False,True,True,True,True,True,True,False,True,True,True,False,True,True,False,False,True,True,True,True,False,True,False,False,False,True,False,False,,,,3,PRUNED
136,136,-2.4017973617388706,2023-09-09 02:18:09.978982,2023-09-09 03:42:22.276959,0 days 01:24:12.297977,False,False,True,True,True,True,True,True,True,False,True,False,False,True,False,True,True,True,False,True,True,False,True,False,True,False,False,False,False,/mmfs1/gscratch/cheme/usr/evankomp/repos/nomelt/tmp/optimize_consensus/enh_vs_consensus/275453157614528286,"[-2.4017973617388706, 0.052579045125779725]",DKRKRTAFSSEQLEELEELFEKNRYLSERRREELASKLGLTEAQVKIWFQNRRAKIKK,3,COMPLETE
137,137,,2023-09-09 03:20:51.555465,2023-09-09 03:20:52.690630,0 days 00:00:01.135165,True,False,True,True,True,True,True,True,False,True,True,True,False,True,True,False,False,True,True,True,True,False,True,False,False,False,True,False,False,,,,3,PRUNED
138,138,,2023-09-09 03:20:52.696531,2023-09-09 03:20:54.498722,0 days 00:00:01.802191,False,False,True,True,True,True,True,True,False,False,True,False,False,True,False,True,True,True,False,True,True,False,True,False,True,False,False,False,False,,,,3,PRUNED
139,139,-2.198023002152451,2023-09-09 03:20:54.507958,2023-09-09 04:37:38.177403,0 days 01:16:43.669445,True,False,True,True,True,True,False,True,False,True,True,True,True,True,False,False,True,True,False,True,True,True,True,False,True,False,True,False,True,/mmfs1/gscratch/cheme/usr/evankomp/repos/nomelt/tmp/optimize_consensus/enh_vs_consensus/-9187730912757298515,"[-2.198023002152451, 0.1419958602364437]",KRKRTTFSKEQLEELEEFEENRYPSAERRQELASKLGLTERQVKIWFQNRRAKIKK,3,COMPLETE
140,140,-2.666116886705784,2023-09-09 03:29:36.640202,2023-09-09 04:47:38.055061,0 days 01:18:01.414859,True,False,True,True,True,True,True,True,False,True,True,True,True,True,True,False,False,True,True,True,True,False,True,False,False,False,True,False,False,/mmfs1/gscratch/cheme/usr/evankomp/repos/nomelt/tmp/optimize_consensus/enh_vs_consensus/4788962402985804928,"[-2.666116886705784, 0.04183140493174941]",KRKRTTFSSEQLEELEELFEENRYPSAEERQQLAKKLGLTEAQVKIWFQNKRAKIKK,3,COMPLETE
141,141,-2.152096497912434,2023-09-09 03:29:47.395304,2023-09-09 04:47:45.105544,0 days 01:17:57.710240,False,False,True,True,True,True,False,True,False,True,True,True,False,True,False,False,True,True,False,True,True,True,True,False,True,False,True,False,True,/mmfs1/gscratch/cheme/usr/evankomp/repos/nomelt/tmp/optimize_consensus/enh_vs_consensus/4417484891086357513,"[-2.152096497912434, 0.10804187638020164]",DKRKRTTFSKEQLEELEEFEENRYPSARRRQELASKLGLTERQVKIWFQNRRAKIKK,3,COMPLETE
142,142,,2023-09-09 03:32:09.180892,2023-09-09 03:32:11.437885,0 days 00:00:02.256993,False,False,True,True,True,True,True,True,False,False,True,False,False,True,False,True,True,True,False,True,True,False,True,False,True,False,False,False,False,,,,3,PRUNED
143,143,,2023-09-09 03:32:11.443301,2023-09-09 03:32:12.046173,0 days 00:00:00.602872,True,False,True,True,True,True,False,True,False,True,True,True,True,True,False,False,True,True,False,True,True,True,True,False,True,False,True,False,True,,,,3,PRUNED
144,144,-2.231201917483793,2023-09-09 03:32:12.051697,2023-09-09 04:52:26.569343,0 days 01:20:14.517646,False,True,True,False,False,True,False,True,True,True,False,False,True,False,True,True,True,True,False,True,False,False,True,False,False,False,True,True,False,/mmfs1/gscratch/cheme/usr/evankomp/repos/nomelt/tmp/optimize_consensus/enh_vs_consensus/-8900330671666643682,"[-2.231201917483793, 0.059375220446006065]",DRRPRTTFTSEQLERLKEFEKNRYPTEEEREELASKLGLNEAQVKIWFQNKRAKIKK,3,COMPLETE
145,145,-2.5978943923791697,2023-09-09 03:34:37.565167,2023-09-09 04:54:49.376898,0 days 01:20:11.811731,False,True,True,True,True,True,True,True,False,True,True,False,True,False,True,False,False,True,True,True,True,False,True,False,False,False,True,False,False,/mmfs1/gscratch/cheme/usr/evankomp/repos/nomelt/tmp/optimize_consensus/enh_vs_consensus/9193033591473084406,"[-2.5978943923791697, 0.042262149200585394]",DRRPRTTFSSEQLEELEELFEENRYPSEEERQQLAKKLGLTEAQVKIWFQNKRAKIKK,3,COMPLETE
146,146,-2.1060539847205795,2023-09-09 03:37:08.842005,2023-09-09 04:55:35.380955,0 days 01:18:26.538950,True,False,False,True,True,True,False,True,False,True,True,True,True,True,False,False,True,True,False,True,True,True,True,False,True,False,True,False,True,/mmfs1/gscratch/cheme/usr/evankomp/repos/nomelt/tmp/optimize_consensus/enh_vs_consensus/-5977457241416086925,"[-2.1060539847205795, 0.1510606145495379]",KRKRTTFSKEQLAELEEFEENRYPSAERRQELASKLGLTERQVKIWFQNRRAKIKK,3,COMPLETE
147,147,,2023-09-09 03:42:22.283611,2023-09-09 03:42:23.198350,0 days 00:00:00.914739,True,False,True,True,True,True,False,True,False,True,True,True,True,True,False,False,True,True,False,True,True,True,True,False,True,False,True,False,True,,,,3,PRUNED
148,148,-2.3750851139860245,2023-09-09 03:42:23.203896,2023-09-09 05:02:32.334789,0 days 01:20:09.130893,False,True,False,False,False,True,False,True,True,True,False,False,True,False,True,True,True,True,False,True,False,False,True,False,False,False,True,True,False,/mmfs1/gscratch/cheme/usr/evankomp/repos/nomelt/tmp/optimize_consensus/enh_vs_consensus/-2433703987690916680,"[-2.3750851139860245, 0.03688453121903701]",DRRPRTTFTSEQLARLKEFEKNRYPTEEEREELASKLGLNEAQVKIWFQNKRAKIKK,3,COMPLETE
149,149,-2.359514406554418,2023-09-09 04:37:38.184748,2023-09-09 05:56:03.336761,0 days 01:18:25.152013,False,False,False,False,False,True,False,True,True,True,False,False,True,False,True,True,True,True,False,True,False,False,True,False,False,False,True,True,False,/mmfs1/gscratch/cheme/usr/evankomp/repos/nomelt/tmp/optimize_consensus/enh_vs_consensus/3796535663622701881,"[-2.359514406554418, 0.12387542290798328]",DKRPRTTFTSEQLARLKEFEKNRYPTEEEREELASKLGLNEAQVKIWFQNKRAKIKK,3,COMPLETE
150,150,-2.247331561067958,2023-09-09 04:47:38.064409,2023-09-09 06:03:13.379331,0 days 01:15:35.314922,True,False,True,False,True,True,False,True,False,False,True,False,False,True,True,False,True,True,False,True,True,False,False,False,True,False,False,False,False,/mmfs1/gscratch/cheme/usr/evankomp/repos/nomelt/tmp/optimize_consensus/enh_vs_consensus/-6218836285395832416,"[-2.247331561067958, 0.022600650248527143]",KRKRTAFSSEQLERLEEFEENRYLSERERQELASKLGLTEAQIKIWFQNRRAKIKK,4,COMPLETE
151,151,-2.3264938558330557,2023-09-09 04:47:45.111621,2023-09-09 06:08:44.381677,0 days 01:20:59.270056,True,False,True,True,True,True,False,True,False,True,True,True,True,True,True,False,False,True,False,True,True,True,True,False,False,False,True,False,False,/mmfs1/gscratch/cheme/usr/evankomp/repos/nomelt/tmp/optimize_consensus/enh_vs_consensus/6899682034337778952,"[-2.3264938558330557, 0.04744417047802984]",KRKRTTFSSEQLEELEEFEENRYPSAEERQQLASKLGLTERQVKIWFQNKRAKIKK,4,COMPLETE
152,152,,2023-09-09 04:52:26.577347,2023-09-09 04:52:34.667985,0 days 00:00:08.090638,True,False,True,True,True,True,True,True,False,True,True,True,False,True,True,False,False,True,True,True,True,False,True,False,False,False,True,False,False,,,,4,PRUNED
153,153,-2.3529266193696636,2023-09-09 04:52:34.677400,2023-09-09 06:13:31.274041,0 days 01:20:56.596641,True,False,True,True,True,False,True,True,False,True,True,True,False,False,False,False,False,True,True,True,False,True,True,False,False,False,True,False,False,/mmfs1/gscratch/cheme/usr/evankomp/repos/nomelt/tmp/optimize_consensus/enh_vs_consensus/-201381388261336462,"[-2.3529266193696636, 0.0469657791571114]",KRPRTTFSSEQLEELERELFEENRYPSARRRQQLAKKLGLNERQVKIWFQNKRAKIKK,4,COMPLETE
154,154,-2.491291550240562,2023-09-09 04:54:49.385994,2023-09-09 06:14:53.772884,0 days 01:20:04.386890,True,True,False,False,False,False,False,True,True,False,True,False,False,False,True,False,True,True,False,False,True,False,False,False,True,True,True,True,True,/mmfs1/gscratch/cheme/usr/evankomp/repos/nomelt/tmp/optimize_consensus/enh_vs_consensus/1866400699328144447,"[-2.491291550240562, 0.04730651679778894]",RRPRTTFTKEQLARLKREFEKNRYLSERERQELASELGLTEAQIKIWFQNRRAKEKK,4,COMPLETE
155,155,-2.632175093624015,2023-09-09 04:55:35.383919,2023-09-09 06:15:39.253544,0 days 01:20:03.869625,True,False,True,True,True,True,True,True,False,True,True,True,False,True,True,False,False,True,False,True,True,False,True,False,False,False,True,False,False,/mmfs1/gscratch/cheme/usr/evankomp/repos/nomelt/tmp/optimize_consensus/enh_vs_consensus/5170482331118857717,"[-2.632175093624015, 0.028939987905901996]",KRKRTTFSSEQLEELEELFEENRYPSARERQQLASKLGLTEAQVKIWFQNKRAKIKK,4,COMPLETE
156,156,,2023-09-09 05:02:32.339704,2023-09-09 05:02:32.594117,0 days 00:00:00.254413,True,False,True,True,True,True,True,True,False,True,True,True,True,True,True,False,False,True,True,True,True,False,True,False,False,False,True,False,False,,,,4,PRUNED
157,157,-2.126121979792869,2023-09-09 05:02:32.600132,2023-09-09 06:20:31.046574,0 days 01:17:58.446442,True,False,True,True,True,True,False,True,False,True,True,True,True,False,False,False,False,True,True,True,True,False,True,False,False,False,True,False,False,/mmfs1/gscratch/cheme/usr/evankomp/repos/nomelt/tmp/optimize_consensus/enh_vs_consensus/-6508580995380035209,"[-2.126121979792869, 0.12854677100241577]",KRPRTTFSSEQLEELEEFEENRYPSAERRQQLAKKLGLTEAQVKIWFQNKRAKIKK,4,COMPLETE
158,158,,2023-09-09 05:56:03.340904,2023-09-09 05:56:06.616099,0 days 00:00:03.275195,True,False,True,True,True,True,True,True,False,True,True,True,True,True,True,False,False,True,True,True,True,False,True,False,False,False,True,False,False,,,,4,PRUNED
159,159,,2023-09-09 05:56:06.622229,2023-09-09 05:56:09.821712,0 days 00:00:03.199483,True,False,True,True,True,True,False,True,False,True,True,True,True,False,False,False,False,True,True,True,True,False,True,False,False,False,True,False,False,,,,4,PRUNED
160,160,,2023-09-09 05:56:09.833216,2023-09-09 05:56:10.302099,0 days 00:00:00.468883,True,False,True,True,True,True,True,True,False,True,True,True,True,True,True,False,False,True,True,True,True,False,True,False,False,False,True,False,False,,,,4,PRUNED
161,161,-2.5949259522011174,2023-09-09 05:56:10.308235,2023-09-09 07:14:33.167248,0 days 01:18:22.859013,True,True,True,True,True,True,True,True,False,True,True,False,True,True,True,False,False,True,True,True,True,False,True,False,False,False,True,False,False,/mmfs1/gscratch/cheme/usr/evankomp/repos/nomelt/tmp/optimize_consensus/enh_vs_consensus/3421283559226806620,"[-2.5949259522011174, 0.031789433937083916]",RRKRTTFSSEQLEELEELFEENRYPSEEERQQLAKKLGLTEAQVKIWFQNKRAKIKK,4,COMPLETE
162,162,-2.5781926275010374,2023-09-09 06:03:13.384710,2023-09-09 07:21:27.670319,0 days 01:18:14.285609,False,True,False,True,True,True,True,True,False,True,True,False,True,True,True,False,False,True,True,True,True,False,True,False,False,False,True,False,False,/mmfs1/gscratch/cheme/usr/evankomp/repos/nomelt/tmp/optimize_consensus/enh_vs_consensus/-336020040810168872,"[-2.5781926275010374, 0.04548498275932602]",DRRKRTTFSSEQLAELEELFEENRYPSEEERQQLAKKLGLTEAQVKIWFQNKRAKIKK,4,COMPLETE
163,163,,2023-09-09 06:08:44.392966,2023-09-09 06:08:50.971916,0 days 00:00:06.578950,True,False,True,True,True,True,True,True,False,True,True,True,True,True,True,False,False,True,True,True,True,False,True,False,False,False,True,False,False,,,,4,PRUNED
164,164,,2023-09-09 06:08:50.977807,2023-09-09 06:08:55.183397,0 days 00:00:04.205590,True,False,True,True,True,True,False,True,False,True,True,True,True,False,False,False,False,True,True,True,True,False,True,False,False,False,True,False,False,,,,4,PRUNED
165,165,-2.6140432725085643,2023-09-09 06:08:55.189086,2023-09-09 07:26:37.922080,0 days 01:17:42.732994,False,False,True,True,True,True,True,True,False,True,True,True,True,True,True,False,False,True,True,True,True,False,True,False,False,False,True,False,False,/mmfs1/gscratch/cheme/usr/evankomp/repos/nomelt/tmp/optimize_consensus/enh_vs_consensus/968379683881015084,"[-2.6140432725085643, 0.06139876424837367]",DKRKRTTFSSEQLEELEELFEENRYPSAEERQQLAKKLGLTEAQVKIWFQNKRAKIKK,4,COMPLETE
166,166,,2023-09-09 06:13:31.287074,2023-09-09 06:13:39.113317,0 days 00:00:07.826243,True,False,True,True,True,True,True,True,False,True,True,True,True,True,True,False,False,True,True,True,True,False,True,False,False,False,True,False,False,,,,4,PRUNED
167,167,,2023-09-09 06:13:39.123559,2023-09-09 06:13:48.409820,0 days 00:00:09.286261,True,True,True,True,True,True,True,True,False,True,True,False,True,True,True,False,False,True,True,True,True,False,True,False,False,False,True,False,False,,,,4,PRUNED
168,168,-2.54195907984392,2023-09-09 06:13:48.423236,2023-09-09 07:33:54.019166,0 days 01:20:05.595930,False,True,True,True,True,True,True,True,False,True,True,True,True,True,False,False,False,True,True,True,True,False,True,False,False,False,True,False,False,/mmfs1/gscratch/cheme/usr/evankomp/repos/nomelt/tmp/optimize_consensus/enh_vs_consensus/-2845475498014788509,"[-2.54195907984392, 0.01927789149091699]",DRRKRTTFSSEQLEELEELFEENRYPSAERRQQLAKKLGLTEAQVKIWFQNKRAKIKK,4,COMPLETE
169,169,-2.5398562284712987,2023-09-09 06:14:53.779544,2023-09-09 07:34:43.065623,0 days 01:19:49.286079,False,True,True,True,True,True,True,True,False,True,True,False,False,True,True,True,False,True,True,True,True,False,True,False,False,False,True,False,False,/mmfs1/gscratch/cheme/usr/evankomp/repos/nomelt/tmp/optimize_consensus/enh_vs_consensus/161551401169815852,"[-2.5398562284712987, 0.02702009758028088]",DRRKRTTFSSEQLEELEELFEENRYPSEREREQLAKKLGLTEAQVKIWFQNKRAKIKK,4,COMPLETE
170,170,,2023-09-09 06:15:39.262744,2023-09-09 06:15:44.546807,0 days 00:00:05.284063,True,False,True,True,True,True,True,True,False,True,True,True,True,True,True,False,False,True,True,True,True,False,True,False,False,False,True,False,False,,,,4,PRUNED
171,171,,2023-09-09 06:15:44.558262,2023-09-09 06:15:54.236406,0 days 00:00:09.678144,True,False,True,True,True,True,False,True,False,True,True,True,True,False,False,False,False,True,True,True,True,False,True,False,False,False,True,False,False,,,,4,PRUNED
172,172,,2023-09-09 06:15:54.239702,2023-09-09 06:15:54.648662,0 days 00:00:00.408960,False,False,True,True,True,True,True,True,False,True,True,True,True,True,True,False,False,True,True,True,True,False,True,False,False,False,True,False,False,,,,4,PRUNED
173,173,,2023-09-09 06:15:54.653663,2023-09-09 06:16:02.648009,0 days 00:00:07.994346,True,True,True,True,True,True,True,True,False,True,True,False,True,True,True,False,False,True,True,True,True,False,True,False,False,False,True,False,False,,,,4,PRUNED
174,174,,2023-09-09 06:16:02.654209,2023-09-09 06:16:08.617689,0 days 00:00:05.963480,False,True,True,True,True,True,True,True,False,True,True,True,True,True,False,False,False,True,True,True,True,False,True,False,False,False,True,False,False,,,,4,PRUNED
175,175,-2.603613071543896,2023-09-09 06:16:08.623643,2023-09-09 07:36:23.041885,0 days 01:20:14.418242,False,False,True,True,True,True,True,True,False,True,True,True,True,True,True,False,False,True,True,True,False,False,True,False,False,False,True,False,False,/mmfs1/gscratch/cheme/usr/evankomp/repos/nomelt/tmp/optimize_consensus/enh_vs_consensus/-290540346080677947,"[-2.603613071543896, 0.019334654663853524]",DKRKRTTFSSEQLEELEELFEENRYPSAEERQQLAKKLGLNEAQVKIWFQNKRAKIKK,4,COMPLETE
176,176,,2023-09-09 06:20:31.057894,2023-09-09 06:20:37.557542,0 days 00:00:06.499648,False,False,True,True,True,True,True,True,False,True,True,True,True,True,True,False,False,True,True,True,True,False,True,False,False,False,True,False,False,,,,4,PRUNED
177,177,,2023-09-09 06:20:37.566168,2023-09-09 06:20:43.632372,0 days 00:00:06.066204,True,True,True,True,True,True,True,True,False,True,True,False,True,True,True,False,False,True,True,True,True,False,True,False,False,False,True,False,False,,,,4,PRUNED
178,178,,2023-09-09 06:20:43.639172,2023-09-09 06:20:45.875434,0 days 00:00:02.236262,False,True,True,True,True,True,True,True,False,True,True,True,True,True,False,False,False,True,True,True,True,False,True,False,False,False,True,False,False,,,,4,PRUNED
179,179,-2.4596677046533593,2023-09-09 06:20:45.882540,2023-09-09 07:41:25.151073,0 days 01:20:39.268533,False,False,True,True,True,True,True,True,False,True,True,True,True,True,True,False,False,False,True,True,True,False,True,False,False,False,True,False,False,/mmfs1/gscratch/cheme/usr/evankomp/repos/nomelt/tmp/optimize_consensus/enh_vs_consensus/2514989467072249774,"[-2.4596677046533593, 0.07449239236023984]",DKRKRTTFSSEQLEELEELFEENRYPSAEERQQLSKKLGLTEAQVKIWFQNKRAKIKK,4,COMPLETE
180,180,,2023-09-09 07:14:33.176851,2023-09-09 07:14:43.424102,0 days 00:00:10.247251,False,True,True,True,True,True,True,True,False,True,True,True,True,True,False,False,False,True,True,True,True,False,True,False,False,False,True,False,False,,,,4,PRUNED
181,181,-2.5561371431021267,2023-09-09 07:14:43.432603,2023-09-09 08:32:56.721396,0 days 01:18:13.288793,False,False,True,True,True,True,True,True,False,True,True,True,True,True,False,False,False,True,True,True,True,False,True,False,False,False,True,False,False,/mmfs1/gscratch/cheme/usr/evankomp/repos/nomelt/tmp/optimize_consensus/enh_vs_consensus/-3237054495704916304,"[-2.5561371431021267, 0.03775343956002833]",DKRKRTTFSSEQLEELEELFEENRYPSAERRQQLAKKLGLTEAQVKIWFQNKRAKIKK,4,COMPLETE
182,182,-2.5895134211841992,2023-09-09 07:21:27.675933,2023-09-09 08:39:33.707418,0 days 01:18:06.031485,True,True,False,True,True,True,True,True,False,True,True,True,False,True,True,False,False,True,True,True,True,False,True,False,False,False,True,False,False,/mmfs1/gscratch/cheme/usr/evankomp/repos/nomelt/tmp/optimize_consensus/enh_vs_consensus/2493676410898134178,"[-2.5895134211841992, 0.047762165418755775]",RRKRTTFSSEQLAELEELFEENRYPSARERQQLAKKLGLTEAQVKIWFQNKRAKIKK,4,COMPLETE
183,183,,2023-09-09 07:26:37.932091,2023-09-09 07:26:38.215965,0 days 00:00:00.283874,True,True,True,True,True,True,True,True,False,True,True,False,True,True,True,False,False,True,True,True,True,False,True,False,False,False,True,False,False,,,,4,PRUNED
184,184,,2023-09-09 07:26:38.222884,2023-09-09 07:26:45.444578,0 days 00:00:07.221694,False,True,True,True,True,True,True,True,False,True,True,True,True,True,False,False,False,True,True,True,True,False,True,False,False,False,True,False,False,,,,4,PRUNED
185,185,-2.6796598323221184,2023-09-09 07:26:45.448417,2023-09-09 08:45:46.680684,0 days 01:19:01.232267,True,False,True,True,True,True,True,True,False,True,True,True,True,True,True,False,False,True,True,True,False,False,True,False,False,False,True,False,False,/mmfs1/gscratch/cheme/usr/evankomp/repos/nomelt/tmp/optimize_consensus/enh_vs_consensus/5235791116638755849,"[-2.6796598323221184, 0.05444522751554815]",KRKRTTFSSEQLEELEELFEENRYPSAEERQQLAKKLGLNEAQVKIWFQNKRAKIKK,4,COMPLETE
186,186,-2.497233024161698,2023-09-09 07:33:54.031070,2023-09-09 08:55:39.821003,0 days 01:21:45.789933,False,False,True,True,True,True,True,True,False,True,False,True,True,False,False,True,False,False,True,True,False,False,True,False,False,False,True,False,False,/mmfs1/gscratch/cheme/usr/evankomp/repos/nomelt/tmp/optimize_consensus/enh_vs_consensus/8644035424813962689,"[-2.497233024161698, 0.0685723049730345]",DKRPRTTFSSEQLEELEELFEENRYPTAERREQLSKKLGLNEAQVKIWFQNKRAKIKK,5,COMPLETE
187,187,,2023-09-09 07:34:43.074942,2023-09-09 07:34:48.730843,0 days 00:00:05.655901,True,False,True,True,True,True,True,True,False,True,True,True,False,True,True,False,False,True,True,True,True,False,True,False,False,False,True,False,False,,,,5,PRUNED
188,188,-2.584009352234056,2023-09-09 07:34:48.739062,2023-09-09 08:55:40.824285,0 days 01:20:52.085223,False,False,True,True,True,True,True,True,False,True,True,False,False,True,True,False,False,True,True,True,True,False,True,False,False,False,True,False,False,/mmfs1/gscratch/cheme/usr/evankomp/repos/nomelt/tmp/optimize_consensus/enh_vs_consensus/5508627303114597938,"[-2.584009352234056, 0.007245389119525558]",DKRKRTTFSSEQLEELEELFEENRYPSERERQQLAKKLGLTEAQVKIWFQNKRAKIKK,5,COMPLETE
189,189,,2023-09-09 07:36:23.048905,2023-09-09 07:36:27.286668,0 days 00:00:04.237763,False,True,True,True,True,True,True,True,False,True,False,False,True,False,True,True,False,True,True,True,False,False,True,False,False,False,True,True,False,,,,5,PRUNED
190,190,-2.5041122516818057,2023-09-09 07:36:27.291430,2023-09-09 08:58:04.834844,0 days 01:21:37.543414,True,True,True,True,True,True,True,True,False,True,False,True,False,False,True,True,False,True,False,True,True,False,True,False,False,False,True,True,False,/mmfs1/gscratch/cheme/usr/evankomp/repos/nomelt/tmp/optimize_consensus/enh_vs_consensus/-487652582668573937,"[-2.5041122516818057, 0.03863913481307722]",RRPRTTFTSEQLEELEELFEENRYPTAREREQLASKLGLTEAQVKIWFQNKRAKIKK,5,COMPLETE
191,191,,2023-09-09 07:41:25.157146,2023-09-09 07:41:25.347812,0 days 00:00:00.190666,False,True,True,True,True,True,True,True,False,True,False,False,True,False,True,True,False,True,True,True,False,False,True,False,False,False,True,True,False,,,,5,PRUNED
192,192,,2023-09-09 07:41:25.354335,2023-09-09 07:41:31.945878,0 days 00:00:06.591543,True,True,True,True,True,True,True,True,False,True,False,True,False,False,True,True,False,True,False,True,True,False,True,False,False,False,True,True,False,,,,5,PRUNED
193,193,-2.471187321384471,2023-09-09 07:41:31.949688,2023-09-09 09:03:05.769618,0 days 01:21:33.819930,True,False,False,True,True,False,False,True,False,True,True,True,False,True,False,False,False,True,True,True,True,True,True,False,False,False,True,False,False,/mmfs1/gscratch/cheme/usr/evankomp/repos/nomelt/tmp/optimize_consensus/enh_vs_consensus/-1718059359318039943,"[-2.471187321384471, 0.12108956207918592]",KRKRTTFSSEQLAELEREFEENRYPSARRRQQLAKKLGLTERQVKIWFQNKRAKIKK,5,COMPLETE
194,194,,2023-09-09 08:32:56.727367,2023-09-09 08:33:02.897277,0 days 00:00:06.169910,False,True,True,True,True,True,True,True,False,True,False,False,True,False,True,True,False,True,True,True,False,False,True,False,False,False,True,True,False,,,,5,PRUNED
195,195,,2023-09-09 08:33:02.903767,2023-09-09 08:33:08.933576,0 days 00:00:06.029809,True,True,True,True,True,True,True,True,False,True,False,True,False,False,True,True,False,True,False,True,True,False,True,False,False,False,True,True,False,,,,5,PRUNED
196,196,-2.5464854225621,2023-09-09 08:33:08.936780,2023-09-09 09:51:41.898713,0 days 01:18:32.961933,True,False,True,True,True,False,False,True,False,True,True,True,False,True,False,False,False,True,True,True,True,True,True,False,False,False,True,False,False,/mmfs1/gscratch/cheme/usr/evankomp/repos/nomelt/tmp/optimize_consensus/enh_vs_consensus/-2763996192571412149,"[-2.5464854225621, 0.02798945780814546]",KRKRTTFSSEQLEELEREFEENRYPSARRRQQLAKKLGLTERQVKIWFQNKRAKIKK,5,COMPLETE
197,197,,2023-09-09 08:39:33.715425,2023-09-09 08:39:41.568042,0 days 00:00:07.852617,True,False,True,True,True,True,True,True,False,True,True,True,True,True,True,False,False,True,True,True,True,False,True,False,False,False,True,False,False,,,,5,PRUNED
198,198,-2.5546348679517097,2023-09-09 08:39:41.578265,2023-09-09 09:58:16.766936,0 days 01:18:35.188671,False,True,True,True,True,True,True,True,False,True,False,False,True,True,True,True,False,True,True,True,False,False,True,False,False,False,True,True,False,/mmfs1/gscratch/cheme/usr/evankomp/repos/nomelt/tmp/optimize_consensus/enh_vs_consensus/-7901572088448391468,"[-2.5546348679517097, 0.026623002819703843]",DRRKRTTFTSEQLEELEELFEENRYPTEEEREQLAKKLGLNEAQVKIWFQNKRAKIKK,5,COMPLETE
199,199,,2023-09-09 08:45:46.688001,2023-09-09 08:45:47.874123,0 days 00:00:01.186122,False,False,True,True,True,True,True,True,False,True,True,True,True,True,True,False,False,True,True,True,True,False,True,False,False,False,True,False,False,,,,5,PRUNED
200,200,,2023-09-09 08:45:47.880400,2023-09-09 08:45:52.391719,0 days 00:00:04.511319,True,False,True,True,True,True,True,True,False,True,True,True,False,True,True,False,False,True,True,True,True,False,True,False,False,False,True,False,False,,,,5,PRUNED
201,201,-2.6819372871880924,2023-09-09 08:45:52.398662,2023-09-09 10:03:44.036603,0 days 01:17:51.637941,True,True,True,True,True,True,True,True,False,True,True,True,True,True,True,False,False,True,True,True,True,False,True,False,False,False,True,False,False,/mmfs1/gscratch/cheme/usr/evankomp/repos/nomelt/tmp/optimize_consensus/enh_vs_consensus/119255011766671252,"[-2.6819372871880924, 0.03377889004118398]",RRKRTTFSSEQLEELEELFEENRYPSAEERQQLAKKLGLTEAQVKIWFQNKRAKIKK,5,COMPLETE
202,202,,2023-09-09 08:55:39.896856,2023-09-09 08:55:47.893409,0 days 00:00:07.996553,False,False,True,True,True,True,True,True,False,True,True,True,True,True,True,False,False,True,True,True,True,False,True,False,False,False,True,False,False,,,,5,PRUNED
203,203,-2.5688641841266215,2023-09-09 08:55:40.836482,2023-09-09 10:16:50.346581,0 days 01:21:09.510099,False,False,False,True,True,True,True,True,False,True,True,True,False,True,True,False,False,True,False,True,True,False,True,False,False,False,True,False,False,/mmfs1/gscratch/cheme/usr/evankomp/repos/nomelt/tmp/optimize_consensus/enh_vs_consensus/-4568235552918103113,"[-2.5688641841266215, 0.04421003247346147]",DKRKRTTFSSEQLAELEELFEENRYPSARERQQLASKLGLTEAQVKIWFQNKRAKIKK,5,COMPLETE
204,204,,2023-09-09 08:55:47.899759,2023-09-09 08:55:52.069183,0 days 00:00:04.169424,True,False,True,True,True,True,True,True,False,True,True,True,False,True,True,False,False,True,True,True,True,False,True,False,False,False,True,False,False,,,,5,PRUNED
205,205,-2.6451330413332292,2023-09-09 08:55:52.072809,2023-09-09 10:16:49.461389,0 days 01:20:57.388580,True,True,False,True,True,True,True,True,False,True,True,True,True,True,True,False,False,True,True,True,True,False,True,False,False,False,True,False,False,/mmfs1/gscratch/cheme/usr/evankomp/repos/nomelt/tmp/optimize_consensus/enh_vs_consensus/-3730421052498595803,"[-2.6451330413332292, 0.04200575068759249]",RRKRTTFSSEQLAELEELFEENRYPSAEERQQLAKKLGLTEAQVKIWFQNKRAKIKK,5,COMPLETE
206,206,,2023-09-09 08:58:04.842483,2023-09-09 08:58:05.496067,0 days 00:00:00.653584,True,True,False,True,True,True,True,True,False,True,True,True,True,True,True,False,False,True,True,True,True,False,True,False,False,False,True,False,False,,,,5,PRUNED
207,207,,2023-09-09 08:58:05.503673,2023-09-09 08:58:07.926259,0 days 00:00:02.422586,True,False,True,True,True,True,True,True,False,True,True,True,True,True,True,False,False,True,True,True,False,False,True,False,False,False,True,False,False,,,,5,PRUNED
208,208,-2.6461605992926946,2023-09-09 08:58:07.934656,2023-09-09 10:19:13.139477,0 days 01:21:05.204821,True,False,False,True,True,True,True,True,False,True,True,False,True,True,True,False,False,True,True,True,True,False,True,False,False,False,True,False,False,/mmfs1/gscratch/cheme/usr/evankomp/repos/nomelt/tmp/optimize_consensus/enh_vs_consensus/-4625202954566173232,"[-2.6461605992926946, 0.04833657030391863]",KRKRTTFSSEQLAELEELFEENRYPSEEERQQLAKKLGLTEAQVKIWFQNKRAKIKK,5,COMPLETE
209,209,,2023-09-09 09:03:05.847309,2023-09-09 09:03:14.737163,0 days 00:00:08.889854,True,False,True,True,True,True,True,True,False,True,True,True,True,True,True,False,False,True,True,True,False,False,True,False,False,False,True,False,False,,,,5,PRUNED
210,210,-2.608553493031387,2023-09-09 09:03:14.812152,2023-09-09 10:24:13.430409,0 days 01:20:58.618257,True,False,True,True,True,True,True,True,False,True,True,False,True,True,True,False,False,True,True,True,True,False,True,False,False,False,True,False,False,/mmfs1/gscratch/cheme/usr/evankomp/repos/nomelt/tmp/optimize_consensus/enh_vs_consensus/2635664023850944632,"[-2.608553493031387, 0.03903219537233012]",KRKRTTFSSEQLEELEELFEENRYPSEEERQQLAKKLGLTEAQVKIWFQNKRAKIKK,5,COMPLETE
211,211,,2023-09-09 09:51:41.907540,2023-09-09 09:51:52.236417,0 days 00:00:10.328877,True,False,True,True,True,True,True,True,False,True,True,True,True,True,True,False,False,True,True,True,False,False,True,False,False,False,True,False,False,,,,5,PRUNED
212,212,,2023-09-09 09:51:52.249344,2023-09-09 09:51:56.774780,0 days 00:00:04.525436,True,False,True,True,True,True,True,True,False,True,True,False,True,True,True,False,False,True,True,True,True,False,True,False,False,False,True,False,False,,,,5,PRUNED
213,213,-2.6189940933680655,2023-09-09 09:51:56.782856,2023-09-09 11:10:19.587928,0 days 01:18:22.805072,False,False,True,True,True,True,True,True,False,True,True,True,False,True,True,False,False,True,True,True,True,False,True,False,False,False,True,False,False,/mmfs1/gscratch/cheme/usr/evankomp/repos/nomelt/tmp/optimize_consensus/enh_vs_consensus/-2653302007329088282,"[-2.6189940933680655, 0.03964970590498725]",DKRKRTTFSSEQLEELEELFEENRYPSARERQQLAKKLGLTEAQVKIWFQNKRAKIKK,5,COMPLETE
214,214,,2023-09-09 09:58:16.774837,2023-09-09 09:58:25.621080,0 days 00:00:08.846243,True,False,True,True,True,True,True,True,False,True,True,True,True,True,True,False,False,True,True,True,False,False,True,False,False,False,True,False,False,,,,5,PRUNED
215,215,-2.6806352247442864,2023-09-09 09:58:25.630693,2023-09-09 11:17:02.819610,0 days 01:18:37.188917,True,False,True,True,True,True,True,True,False,True,True,True,True,True,True,False,False,True,False,True,True,False,True,False,False,False,True,False,False,/mmfs1/gscratch/cheme/usr/evankomp/repos/nomelt/tmp/optimize_consensus/enh_vs_consensus/-6708016684250669664,"[-2.6806352247442864, 0.033656433961740666]",KRKRTTFSSEQLEELEELFEENRYPSAEERQQLASKLGLTEAQVKIWFQNKRAKIKK,5,COMPLETE
216,216,,2023-09-09 10:03:44.043372,2023-09-09 10:03:49.177567,0 days 00:00:05.134195,True,False,True,True,True,True,True,True,False,True,True,True,True,True,True,False,False,True,True,True,False,False,True,False,False,False,True,False,False,,,,5,PRUNED
217,217,,2023-09-09 10:03:49.181460,2023-09-09 10:03:55.512195,0 days 00:00:06.330735,True,False,False,True,True,True,True,True,False,True,True,False,True,True,True,False,False,True,True,True,True,False,True,False,False,False,True,False,False,,,,5,PRUNED
218,218,,2023-09-09 10:03:55.518372,2023-09-09 10:04:03.777719,0 days 00:00:08.259347,False,False,True,True,True,True,True,True,False,True,True,True,False,True,True,False,False,True,True,True,True,False,True,False,False,False,True,False,False,,,,5,PRUNED
219,219,,2023-09-09 10:04:03.788980,2023-09-09 10:04:11.749785,0 days 00:00:07.960805,True,False,True,True,True,True,True,True,False,True,True,True,False,True,True,False,False,True,False,True,True,False,True,False,False,False,True,False,False,,,,5,PRUNED
220,220,,2023-09-09 10:04:11.758282,2023-09-09 10:04:20.997946,0 days 00:00:09.239664,True,False,True,True,True,True,True,True,False,True,True,True,False,True,True,False,False,True,False,True,True,False,True,False,False,False,True,False,False,,,,5,PRUNED
221,221,,2023-09-09 10:04:21.005886,2023-09-09 10:04:21.969722,0 days 00:00:00.963836,True,False,True,True,True,True,True,True,False,True,True,True,False,True,True,False,False,True,True,True,True,False,True,False,False,False,True,False,False,,,,5,PRUNED
222,222,-2.564843607278897,2023-09-09 10:04:21.973195,2023-09-09 11:22:48.829406,0 days 01:18:26.856211,False,False,True,True,True,True,True,True,False,True,True,True,True,False,True,False,False,True,True,True,True,False,True,False,False,False,True,False,False,/mmfs1/gscratch/cheme/usr/evankomp/repos/nomelt/tmp/optimize_consensus/enh_vs_consensus/-3713604611071128158,"[-2.564843607278897, 0.037185669421288974]",DKRPRTTFSSEQLEELEELFEENRYPSAEERQQLAKKLGLTEAQVKIWFQNKRAKIKK,5,COMPLETE
223,223,,2023-09-09 10:16:49.466610,2023-09-09 10:16:51.465885,0 days 00:00:01.999275,True,False,True,True,True,True,True,True,False,True,True,True,True,True,True,False,False,True,True,True,False,False,True,False,False,False,True,False,False,,,,5,PRUNED
224,224,,2023-09-09 10:16:50.353175,2023-09-09 10:16:54.512357,0 days 00:00:04.159182,True,True,True,True,True,True,True,True,False,True,True,True,True,True,True,False,False,True,True,True,True,False,True,False,False,False,True,False,False,,,,5,PRUNED
225,225,,2023-09-09 10:16:51.474486,2023-09-09 10:16:53.207379,0 days 00:00:01.732893,True,False,False,True,True,True,True,True,False,True,True,False,True,True,True,False,False,True,True,True,True,False,True,False,False,False,True,False,False,,,,5,PRUNED
226,226,,2023-09-09 10:16:53.213421,2023-09-09 10:16:54.909327,0 days 00:00:01.695906,False,False,True,True,True,True,True,True,False,True,True,True,False,True,True,False,False,True,True,True,True,False,True,False,False,False,True,False,False,,,,5,PRUNED
227,227,,2023-09-09 10:16:54.520983,2023-09-09 10:16:59.960626,0 days 00:00:05.439643,True,False,True,True,True,True,True,True,False,True,True,True,False,True,True,False,False,True,False,True,True,False,True,False,False,False,True,False,False,,,,5,PRUNED
228,228,-2.517699968681687,2023-09-09 10:16:54.915372,2023-09-09 11:39:39.324926,0 days 01:22:44.409554,True,False,True,True,True,True,True,True,False,True,True,True,False,True,True,False,False,False,False,True,True,False,True,False,False,False,True,False,False,/mmfs1/gscratch/cheme/usr/evankomp/repos/nomelt/tmp/optimize_consensus/enh_vs_consensus/586170620711277898,"[-2.517699968681687, 0.030361250302259786]",KRKRTTFSSEQLEELEELFEENRYPSARERQQLSSKLGLTEAQVKIWFQNKRAKIKK,5,COMPLETE
229,229,-2.6337575340731156,2023-09-09 10:16:59.969157,2023-09-09 11:37:15.359837,0 days 01:20:15.390680,False,False,True,True,True,True,True,True,False,True,True,True,True,False,True,False,False,True,True,True,False,False,True,False,False,False,True,False,False,/mmfs1/gscratch/cheme/usr/evankomp/repos/nomelt/tmp/optimize_consensus/enh_vs_consensus/-2416686421564854258,"[-2.6337575340731156, 0.014949493002224363]",DKRPRTTFSSEQLEELEELFEENRYPSAEERQQLAKKLGLNEAQVKIWFQNKRAKIKK,5,COMPLETE
230,230,-2.624391016720337,2023-09-09 10:19:13.148826,2023-09-09 11:40:43.385980,0 days 01:21:30.237154,True,False,False,True,True,True,True,True,False,True,True,True,False,True,True,False,False,True,True,True,True,False,True,False,False,False,True,False,False,/mmfs1/gscratch/cheme/usr/evankomp/repos/nomelt/tmp/optimize_consensus/enh_vs_consensus/4912958751006008943,"[-2.624391016720337, 0.04206502081948844]",KRKRTTFSSEQLAELEELFEENRYPSARERQQLAKKLGLTEAQVKIWFQNKRAKIKK,6,COMPLETE
231,231,,2023-09-09 10:24:13.436859,2023-09-09 10:24:22.058292,0 days 00:00:08.621433,True,False,False,True,True,True,True,True,False,True,True,True,False,True,True,False,False,True,True,True,True,False,True,False,False,False,True,False,False,,,,6,PRUNED
232,232,,2023-09-09 10:24:22.065516,2023-09-09 10:24:26.110340,0 days 00:00:04.044824,True,False,True,True,True,True,True,True,False,True,True,True,False,True,True,False,False,True,True,True,True,False,True,False,False,False,True,False,False,,,,6,PRUNED
233,233,,2023-09-09 10:24:26.117824,2023-09-09 10:24:35.785926,0 days 00:00:09.668102,True,False,True,True,True,True,True,True,False,True,True,True,False,True,True,False,False,True,True,True,True,False,True,False,False,False,True,False,False,,,,6,PRUNED
234,234,-2.579751819481506,2023-09-09 10:24:35.791575,2023-09-09 11:44:35.776297,0 days 01:19:59.984722,True,False,True,True,True,True,True,True,False,True,True,True,True,True,True,False,False,True,True,True,True,True,True,False,False,False,True,False,False,/mmfs1/gscratch/cheme/usr/evankomp/repos/nomelt/tmp/optimize_consensus/enh_vs_consensus/-3593251929638966330,"[-2.579751819481506, 0.04557449410593981]",KRKRTTFSSEQLEELEELFEENRYPSAEERQQLAKKLGLTERQVKIWFQNKRAKIKK,6,COMPLETE
235,235,,2023-09-09 11:10:19.600425,2023-09-09 11:10:26.083143,0 days 00:00:06.482718,True,False,True,True,True,True,True,True,False,True,True,True,False,True,True,False,False,True,True,True,True,False,True,False,False,False,True,False,False,,,,6,PRUNED
236,236,,2023-09-09 11:10:26.089190,2023-09-09 11:10:32.625199,0 days 00:00:06.536009,True,False,True,True,True,True,True,True,False,True,True,True,False,True,True,False,False,True,True,True,True,False,True,False,False,False,True,False,False,,,,6,PRUNED
237,237,-2.5641059918758513,2023-09-09 11:10:32.629613,2023-09-09 12:29:47.014585,0 days 01:19:14.384972,True,True,True,True,True,True,True,True,False,True,True,True,True,True,True,False,False,True,True,True,True,True,True,False,False,False,True,False,False,/mmfs1/gscratch/cheme/usr/evankomp/repos/nomelt/tmp/optimize_consensus/enh_vs_consensus/-8919242888250252834,"[-2.5641059918758513, 0.07021389977790932]",RRKRTTFSSEQLEELEELFEENRYPSAEERQQLAKKLGLTERQVKIWFQNKRAKIKK,6,COMPLETE
238,238,,2023-09-09 11:17:02.829479,2023-09-09 11:17:09.225209,0 days 00:00:06.395730,True,False,True,True,True,True,True,True,False,True,True,True,True,True,True,False,False,True,True,True,True,False,True,False,False,False,True,False,False,,,,6,PRUNED
239,239,-2.5363157163272927,2023-09-09 11:17:09.232217,2023-09-09 12:36:36.380146,0 days 01:19:27.147929,True,True,True,True,True,True,True,True,False,True,True,True,True,True,False,False,False,False,True,True,True,False,True,False,False,False,True,False,False,/mmfs1/gscratch/cheme/usr/evankomp/repos/nomelt/tmp/optimize_consensus/enh_vs_consensus/-1053007863310748230,"[-2.5363157163272927, 0.03536619588245176]",RRKRTTFSSEQLEELEELFEENRYPSAERRQQLSKKLGLTEAQVKIWFQNKRAKIKK,6,COMPLETE
240,240,,2023-09-09 11:22:48.836634,2023-09-09 11:22:57.531861,0 days 00:00:08.695227,False,False,True,True,True,True,True,True,False,True,True,True,True,True,True,False,False,True,True,True,True,False,True,False,False,False,True,False,False,,,,6,PRUNED
241,241,,2023-09-09 11:22:57.539864,2023-09-09 11:23:01.130380,0 days 00:00:03.590516,False,False,True,True,True,True,True,True,False,True,True,True,True,True,True,False,False,True,True,True,True,False,True,False,False,False,True,False,False,,,,6,PRUNED
242,242,-2.5034241326914013,2023-09-09 11:23:01.133943,2023-09-09 12:41:48.927841,0 days 01:18:47.793898,True,True,True,True,True,True,True,True,False,False,True,True,True,True,True,False,False,True,True,True,True,False,True,False,False,False,True,False,False,/mmfs1/gscratch/cheme/usr/evankomp/repos/nomelt/tmp/optimize_consensus/enh_vs_consensus/5976694977663638081,"[-2.5034241326914013, 0.021930430205765628]",RRKRTTFSSEQLEELEELFEENRYLSAEERQQLAKKLGLTEAQVKIWFQNKRAKIKK,6,COMPLETE
243,243,-2.6465632314770753,2023-09-09 11:37:15.365928,2023-09-09 12:57:27.540091,0 days 01:20:12.174163,False,True,True,True,True,True,True,True,False,True,True,True,True,True,True,False,False,True,True,True,True,False,True,False,False,False,True,False,False,/mmfs1/gscratch/cheme/usr/evankomp/repos/nomelt/tmp/optimize_consensus/enh_vs_consensus/6469649639659014206,"[-2.6465632314770753, 0.040906523084201785]",DRRKRTTFSSEQLEELEELFEENRYPSAEERQQLAKKLGLTEAQVKIWFQNKRAKIKK,6,COMPLETE
244,244,,2023-09-09 11:39:39.332903,2023-09-09 11:39:46.428859,0 days 00:00:07.095956,True,False,True,True,True,True,True,True,False,True,True,True,True,True,True,False,False,True,True,True,True,False,True,False,False,False,True,False,False,,,,6,PRUNED
245,245,,2023-09-09 11:39:46.436849,2023-09-09 11:39:49.214798,0 days 00:00:02.777949,True,True,True,True,True,True,True,True,False,True,True,True,True,True,True,False,False,True,True,True,True,True,True,False,False,False,True,False,False,,,,6,PRUNED
246,246,-2.6488750243882215,2023-09-09 11:39:49.220377,2023-09-09 12:59:34.177680,0 days 01:19:44.957303,True,False,True,True,True,True,True,True,False,True,True,True,False,False,True,False,False,True,True,True,True,False,True,False,False,False,True,False,False,/mmfs1/gscratch/cheme/usr/evankomp/repos/nomelt/tmp/optimize_consensus/enh_vs_consensus/-9190928912645169851,"[-2.6488750243882215, 0.03409327478482727]",KRPRTTFSSEQLEELEELFEENRYPSARERQQLAKKLGLTEAQVKIWFQNKRAKIKK,6,COMPLETE
247,247,,2023-09-09 11:40:43.393218,2023-09-09 11:40:47.098642,0 days 00:00:03.705424,True,False,True,True,True,True,True,True,False,True,True,True,True,True,True,False,False,True,True,True,True,False,True,False,False,False,True,False,False,,,,6,PRUNED
248,248,,2023-09-09 11:40:47.105555,2023-09-09 11:40:49.593120,0 days 00:00:02.487565,True,False,True,True,True,True,True,True,False,True,True,True,True,True,True,False,False,True,True,True,True,False,True,False,False,False,True,False,False,,,,6,PRUNED
249,249,,2023-09-09 11:40:49.601471,2023-09-09 11:40:51.311493,0 days 00:00:01.710022,True,False,True,True,True,True,True,True,False,True,True,True,True,True,True,False,False,True,True,True,True,False,True,False,False,False,True,False,False,,,,6,PRUNED
250,250,-2.622777365471938,2023-09-09 11:40:51.320392,2023-09-09 12:59:44.501777,0 days 01:18:53.181385,True,False,True,True,True,True,True,True,False,True,True,False,False,True,True,False,False,True,True,True,True,False,True,False,False,False,True,False,False,/mmfs1/gscratch/cheme/usr/evankomp/repos/nomelt/tmp/optimize_consensus/enh_vs_consensus/8513675738102050179,"[-2.622777365471938, 0.029240800838160226]",KRKRTTFSSEQLEELEELFEENRYPSERERQQLAKKLGLTEAQVKIWFQNKRAKIKK,6,COMPLETE
251,251,,2023-09-09 11:44:35.782462,2023-09-09 11:44:40.502705,0 days 00:00:04.720243,True,False,True,True,True,True,True,True,False,True,True,True,False,False,True,False,False,True,True,True,True,False,True,False,False,False,True,False,False,,,,6,PRUNED
252,252,-2.62162979722702,2023-09-09 11:44:40.508338,2023-09-09 13:03:44.106054,0 days 01:19:03.597716,False,False,True,True,True,True,True,True,False,True,True,True,False,True,True,False,False,True,True,True,False,False,True,False,False,False,True,False,False,/mmfs1/gscratch/cheme/usr/evankomp/repos/nomelt/tmp/optimize_consensus/enh_vs_consensus/8760576344899008782,"[-2.62162979722702, 0.05642086260751225]",DKRKRTTFSSEQLEELEELFEENRYPSARERQQLAKKLGLNEAQVKIWFQNKRAKIKK,6,COMPLETE
253,253,,2023-09-09 12:29:47.024327,2023-09-09 12:29:49.665344,0 days 00:00:02.641017,True,False,True,True,True,True,True,True,False,True,True,True,False,False,True,False,False,True,True,True,True,False,True,False,False,False,True,False,False,,,,6,PRUNED
254,254,,2023-09-09 12:29:49.671763,2023-09-09 12:29:55.503394,0 days 00:00:05.831631,False,False,True,True,True,True,True,True,False,True,True,True,False,True,True,False,False,True,True,True,True,False,True,False,False,False,True,False,False,,,,6,PRUNED
255,255,,2023-09-09 12:29:55.509916,2023-09-09 12:29:58.576120,0 days 00:00:03.066204,True,False,True,True,True,True,True,True,False,True,True,True,True,True,True,False,False,True,True,True,True,False,True,False,False,False,True,False,False,,,,6,PRUNED
256,256,-2.645892683258725,2023-09-09 12:29:58.587840,2023-09-09 13:42:00.606181,0 days 01:12:02.018341,True,True,True,True,True,True,True,True,False,True,True,True,True,True,True,False,False,True,True,False,True,False,True,False,False,False,True,False,False,/mmfs1/gscratch/cheme/usr/evankomp/repos/nomelt/tmp/optimize_consensus/enh_vs_consensus/8851561776765771286,"[-2.645892683258725, 0.026974335435634635]",RRKRTTFSSEQLEELEELFEENRYPSAEERQQLAKELGLTEAQVKIWFQNKRAKIKK,6,COMPLETE
