,number,value,datetime_start,datetime_complete,duration,params_mut_11,params_mut_15,params_mut_18,params_mut_20,params_mut_22,params_mut_3,params_mut_30,params_mut_31,params_mut_32,params_mut_34,params_mut_35,params_mut_48,params_mut_50,params_mut_6,user_attrs_pdb_file,user_attrs_raw_result,user_attrs_variant_seq,system_attrs_fixed_params,system_attrs_nsga2:generation,state
0,0,-2.3354098826575087,2023-09-14 09:39:20.882613,2023-09-14 09:39:52.457620,0 days 00:00:31.575007,False,False,False,False,False,False,False,False,False,False,False,False,False,False,/mmfs1/gscratch/cheme/usr/evankomp/repos/nomelt/tmp/optimize_random/enh_vs_random/0,"[-2.3354098826575087, 0.060888904369825705]",DKRPRTAFSSEQLARLKREFNENRYLTERRRQQLSSELGLNEAQIKIWFQNKRAKIKK,"{'mut_3': False, 'mut_6': False, 'mut_11': False, 'mut_15': False, 'mut_18': False, 'mut_20': False, 'mut_22': False, 'mut_30': False, 'mut_31': False, 'mut_32': False, 'mut_34': False, 'mut_35': False, 'mut_48': False, 'mut_50': False}",,COMPLETE
1,1,-0.9625957474123082,2023-09-14 09:39:20.899374,2023-09-14 11:02:06.412613,0 days 01:22:45.513239,True,True,True,True,True,True,True,True,True,True,True,True,True,True,/mmfs1/gscratch/cheme/usr/evankomp/repos/nomelt/tmp/optimize_random/enh_vs_random/5050959865205446181,"[-0.9625957474123082, 0.12748148917515126]",DKRVRTLFSSECLARCKRWFVECRYLTERRDDMLDEELGLNEAQIKIWRQVKRAKIKK,"{'mut_3': True, 'mut_6': True, 'mut_11': True, 'mut_15': True, 'mut_18': True, 'mut_20': True, 'mut_22': True, 'mut_30': True, 'mut_31': True, 'mut_32': True, 'mut_34': True, 'mut_35': True, 'mut_48': True, 'mut_50': True}",,COMPLETE
2,2,-2.376276907842699,2023-09-14 09:39:20.901553,2023-09-14 11:28:07.160407,0 days 01:48:46.258854,False,False,False,False,False,True,False,False,False,False,False,False,False,False,/mmfs1/gscratch/cheme/usr/evankomp/repos/nomelt/tmp/optimize_random/enh_vs_random/-8974985009712266125,"[-2.376276907842699, 0.05108835869015421]",DKRVRTAFSSEQLARLKREFNENRYLTERRRQQLSSELGLNEAQIKIWFQNKRAKIKK,"{'mut_3': True, 'mut_6': False, 'mut_11': False, 'mut_15': False, 'mut_18': False, 'mut_20': False, 'mut_22': False, 'mut_30': False, 'mut_31': False, 'mut_32': False, 'mut_34': False, 'mut_35': False, 'mut_48': False, 'mut_50': False}",,COMPLETE
3,3,-2.361023071226634,2023-09-14 09:39:20.924279,2023-09-14 10:59:37.083936,0 days 01:20:16.159657,False,False,False,False,False,False,False,False,False,False,False,False,False,True,/mmfs1/gscratch/cheme/usr/evankomp/repos/nomelt/tmp/optimize_random/enh_vs_random/-1443696172313627947,"[-2.361023071226634, 0.053535063461086566]",DKRPRTLFSSEQLARLKREFNENRYLTERRRQQLSSELGLNEAQIKIWFQNKRAKIKK,"{'mut_3': False, 'mut_6': True, 'mut_11': False, 'mut_15': False, 'mut_18': False, 'mut_20': False, 'mut_22': False, 'mut_30': False, 'mut_31': False, 'mut_32': False, 'mut_34': False, 'mut_35': False, 'mut_48': False, 'mut_50': False}",,COMPLETE
4,4,-2.045750958349434,2023-09-14 09:39:20.942289,2023-09-14 10:59:49.162427,0 days 01:20:28.220138,True,False,False,False,False,False,False,False,False,False,False,False,False,False,/mmfs1/gscratch/cheme/usr/evankomp/repos/nomelt/tmp/optimize_random/enh_vs_random/-4991284423979202153,"[-2.045750958349434, 0.09374204717096007]",DKRPRTAFSSECLARLKREFNENRYLTERRRQQLSSELGLNEAQIKIWFQNKRAKIKK,"{'mut_3': False, 'mut_6': False, 'mut_11': True, 'mut_15': False, 'mut_18': False, 'mut_20': False, 'mut_22': False, 'mut_30': False, 'mut_31': False, 'mut_32': False, 'mut_34': False, 'mut_35': False, 'mut_48': False, 'mut_50': False}",,COMPLETE
5,5,-2.2360191951620685,2023-09-14 09:39:20.981222,2023-09-14 11:19:09.452927,0 days 01:39:48.471705,False,True,False,False,False,False,False,False,False,False,False,False,False,False,/mmfs1/gscratch/cheme/usr/evankomp/repos/nomelt/tmp/optimize_random/enh_vs_random/2076585898240151231,"[-2.2360191951620685, 0.03610973245820738]",DKRPRTAFSSEQLARCKREFNENRYLTERRRQQLSSELGLNEAQIKIWFQNKRAKIKK,"{'mut_3': False, 'mut_6': False, 'mut_11': False, 'mut_15': True, 'mut_18': False, 'mut_20': False, 'mut_22': False, 'mut_30': False, 'mut_31': False, 'mut_32': False, 'mut_34': False, 'mut_35': False, 'mut_48': False, 'mut_50': False}",,COMPLETE
6,6,-2.140968127859333,2023-09-14 09:39:21.050967,2023-09-14 11:25:17.541068,0 days 01:45:56.490101,False,False,True,False,False,False,False,False,False,False,False,False,False,False,/mmfs1/gscratch/cheme/usr/evankomp/repos/nomelt/tmp/optimize_random/enh_vs_random/6878148991502169450,"[-2.140968127859333, 0.17865227882078646]",DKRPRTAFSSEQLARLKRWFNENRYLTERRRQQLSSELGLNEAQIKIWFQNKRAKIKK,"{'mut_3': False, 'mut_6': False, 'mut_11': False, 'mut_15': False, 'mut_18': True, 'mut_20': False, 'mut_22': False, 'mut_30': False, 'mut_31': False, 'mut_32': False, 'mut_34': False, 'mut_35': False, 'mut_48': False, 'mut_50': False}",,COMPLETE
7,7,-2.3805282684531552,2023-09-14 09:39:52.462814,2023-09-14 11:07:39.323232,0 days 01:27:46.860418,False,False,False,True,False,False,False,False,False,False,False,False,False,False,/mmfs1/gscratch/cheme/usr/evankomp/repos/nomelt/tmp/optimize_random/enh_vs_random/-6544379012909044683,"[-2.3805282684531552, 0.04415546792786601]",DKRPRTAFSSEQLARLKREFVENRYLTERRRQQLSSELGLNEAQIKIWFQNKRAKIKK,"{'mut_3': False, 'mut_6': False, 'mut_11': False, 'mut_15': False, 'mut_18': False, 'mut_20': True, 'mut_22': False, 'mut_30': False, 'mut_31': False, 'mut_32': False, 'mut_34': False, 'mut_35': False, 'mut_48': False, 'mut_50': False}",,COMPLETE
8,8,-2.3188761607611683,2023-09-14 10:59:37.093038,2023-09-14 12:19:34.446141,0 days 01:19:57.353103,False,False,False,False,True,False,False,False,False,False,False,False,False,False,/mmfs1/gscratch/cheme/usr/evankomp/repos/nomelt/tmp/optimize_random/enh_vs_random/-8527129090584409141,"[-2.3188761607611683, 0.0327016933187186]",DKRPRTAFSSEQLARLKREFNECRYLTERRRQQLSSELGLNEAQIKIWFQNKRAKIKK,"{'mut_3': False, 'mut_6': False, 'mut_11': False, 'mut_15': False, 'mut_18': False, 'mut_20': False, 'mut_22': True, 'mut_30': False, 'mut_31': False, 'mut_32': False, 'mut_34': False, 'mut_35': False, 'mut_48': False, 'mut_50': False}",,COMPLETE
9,9,-2.1580153955380643,2023-09-14 10:59:49.167354,2023-09-14 12:19:46.365529,0 days 01:19:57.198175,False,False,False,False,False,False,True,False,False,False,False,False,False,False,/mmfs1/gscratch/cheme/usr/evankomp/repos/nomelt/tmp/optimize_random/enh_vs_random/-7629200563538732674,"[-2.1580153955380643, 0.07696072731937385]",DKRPRTAFSSEQLARLKREFNENRYLTERRDQQLSSELGLNEAQIKIWFQNKRAKIKK,"{'mut_3': False, 'mut_6': False, 'mut_11': False, 'mut_15': False, 'mut_18': False, 'mut_20': False, 'mut_22': False, 'mut_30': True, 'mut_31': False, 'mut_32': False, 'mut_34': False, 'mut_35': False, 'mut_48': False, 'mut_50': False}",,COMPLETE
10,10,-2.312504930270757,2023-09-14 11:02:06.422763,2023-09-14 12:22:11.445284,0 days 01:20:05.022521,False,False,False,False,False,False,False,True,False,False,False,False,False,False,/mmfs1/gscratch/cheme/usr/evankomp/repos/nomelt/tmp/optimize_random/enh_vs_random/7569490717453132526,"[-2.312504930270757, 0.07728339605866087]",DKRPRTAFSSEQLARLKREFNENRYLTERRRDQLSSELGLNEAQIKIWFQNKRAKIKK,"{'mut_3': False, 'mut_6': False, 'mut_11': False, 'mut_15': False, 'mut_18': False, 'mut_20': False, 'mut_22': False, 'mut_30': False, 'mut_31': True, 'mut_32': False, 'mut_34': False, 'mut_35': False, 'mut_48': False, 'mut_50': False}",,COMPLETE
11,11,-2.2871245620328096,2023-09-14 11:07:39.334733,2023-09-14 12:28:54.161125,0 days 01:21:14.826392,False,False,False,False,False,False,False,False,True,False,False,False,False,False,/mmfs1/gscratch/cheme/usr/evankomp/repos/nomelt/tmp/optimize_random/enh_vs_random/6602551632209561620,"[-2.2871245620328096, 0.04522394109467462]",DKRPRTAFSSEQLARLKREFNENRYLTERRRQMLSSELGLNEAQIKIWFQNKRAKIKK,"{'mut_3': False, 'mut_6': False, 'mut_11': False, 'mut_15': False, 'mut_18': False, 'mut_20': False, 'mut_22': False, 'mut_30': False, 'mut_31': False, 'mut_32': True, 'mut_34': False, 'mut_35': False, 'mut_48': False, 'mut_50': False}",,COMPLETE
12,12,-2.2325657480877785,2023-09-14 11:19:09.456412,2023-09-14 12:57:40.764590,0 days 01:38:31.308178,False,False,False,False,False,False,False,False,False,True,False,False,False,False,/mmfs1/gscratch/cheme/usr/evankomp/repos/nomelt/tmp/optimize_random/enh_vs_random/-374727929084458888,"[-2.2325657480877785, 0.047579992831330256]",DKRPRTAFSSEQLARLKREFNENRYLTERRRQQLDSELGLNEAQIKIWFQNKRAKIKK,"{'mut_3': False, 'mut_6': False, 'mut_11': False, 'mut_15': False, 'mut_18': False, 'mut_20': False, 'mut_22': False, 'mut_30': False, 'mut_31': False, 'mut_32': False, 'mut_34': True, 'mut_35': False, 'mut_48': False, 'mut_50': False}",,COMPLETE
13,13,-2.3512606538688865,2023-09-14 11:25:17.553581,2023-09-14 13:03:08.001005,0 days 01:37:50.447424,False,False,False,False,False,False,False,False,False,False,True,False,False,False,/mmfs1/gscratch/cheme/usr/evankomp/repos/nomelt/tmp/optimize_random/enh_vs_random/-2824228562675799647,"[-2.3512606538688865, 0.053138850370396715]",DKRPRTAFSSEQLARLKREFNENRYLTERRRQQLSEELGLNEAQIKIWFQNKRAKIKK,"{'mut_3': False, 'mut_6': False, 'mut_11': False, 'mut_15': False, 'mut_18': False, 'mut_20': False, 'mut_22': False, 'mut_30': False, 'mut_31': False, 'mut_32': False, 'mut_34': False, 'mut_35': True, 'mut_48': False, 'mut_50': False}",,COMPLETE
14,14,-2.220300714441479,2023-09-14 11:28:07.172611,2023-09-14 13:06:11.358393,0 days 01:38:04.185782,False,False,False,False,False,False,False,False,False,False,False,True,False,False,/mmfs1/gscratch/cheme/usr/evankomp/repos/nomelt/tmp/optimize_random/enh_vs_random/-651787759954436248,"[-2.220300714441479, 0.01462187833115489]",DKRPRTAFSSEQLARLKREFNENRYLTERRRQQLSSELGLNEAQIKIWRQNKRAKIKK,"{'mut_3': False, 'mut_6': False, 'mut_11': False, 'mut_15': False, 'mut_18': False, 'mut_20': False, 'mut_22': False, 'mut_30': False, 'mut_31': False, 'mut_32': False, 'mut_34': False, 'mut_35': False, 'mut_48': True, 'mut_50': False}",,COMPLETE
15,15,-2.2131027302653914,2023-09-14 12:19:34.452289,2023-09-14 13:40:30.920326,0 days 01:20:56.468037,False,False,False,False,False,False,False,False,False,False,False,False,True,False,/mmfs1/gscratch/cheme/usr/evankomp/repos/nomelt/tmp/optimize_random/enh_vs_random/3148395111232731685,"[-2.2131027302653914, 0.07697609403952797]",DKRPRTAFSSEQLARLKREFNENRYLTERRRQQLSSELGLNEAQIKIWFQVKRAKIKK,"{'mut_3': False, 'mut_6': False, 'mut_11': False, 'mut_15': False, 'mut_18': False, 'mut_20': False, 'mut_22': False, 'mut_30': False, 'mut_31': False, 'mut_32': False, 'mut_34': False, 'mut_35': False, 'mut_48': False, 'mut_50': True}",,COMPLETE
16,16,-1.268577676770618,2023-09-14 12:19:46.368892,2023-09-14 13:40:43.324513,0 days 01:20:56.955621,False,True,True,True,False,True,False,True,True,True,False,True,True,True,/mmfs1/gscratch/cheme/usr/evankomp/repos/nomelt/tmp/optimize_random/enh_vs_random/5651939622613042979,"[-1.268577676770618, 0.15347084547525924]",DKRVRTLFSSEQLARCKRWFVENRYLTERRRDMLDSELGLNEAQIKIWRQVKRAKIKK,,0.0,COMPLETE
17,17,,2023-09-14 12:22:11.456683,2023-09-14 12:22:19.744580,0 days 00:00:08.287897,False,True,True,True,False,True,False,True,True,True,False,True,True,True,,,,,0.0,PRUNED
18,18,-1.4926750801605173,2023-09-14 12:22:19.753748,2023-09-14 13:43:06.996071,0 days 01:20:47.242323,True,False,True,True,True,True,False,False,False,True,False,False,True,False,/mmfs1/gscratch/cheme/usr/evankomp/repos/nomelt/tmp/optimize_random/enh_vs_random/3111367817306312392,"[-1.4926750801605173, 0.1889750706954421]",DKRVRTAFSSECLARLKRWFVECRYLTERRRQQLDSELGLNEAQIKIWFQVKRAKIKK,,0.0,COMPLETE
19,19,,2023-09-14 12:28:54.170614,2023-09-14 12:29:03.849558,0 days 00:00:09.678944,False,True,True,True,False,True,False,True,True,True,False,True,True,True,,,,,0.0,PRUNED
20,20,,2023-09-14 12:29:03.858093,2023-09-14 12:29:09.815858,0 days 00:00:05.957765,True,False,True,True,True,True,False,False,False,True,False,False,True,False,,,,,0.0,PRUNED
21,21,-1.4858512521633616,2023-09-14 12:29:09.823862,2023-09-14 13:50:06.469950,0 days 01:20:56.646088,True,False,True,True,True,False,True,True,False,True,False,False,False,True,/mmfs1/gscratch/cheme/usr/evankomp/repos/nomelt/tmp/optimize_random/enh_vs_random/9054037022042229399,"[-1.4858512521633616, 0.21383157209372952]",DKRPRTLFSSECLARLKRWFVECRYLTERRDDQLDSELGLNEAQIKIWFQNKRAKIKK,,0.0,COMPLETE
22,22,,2023-09-14 12:57:40.772071,2023-09-14 12:57:46.879198,0 days 00:00:06.107127,False,True,True,True,False,True,False,True,True,True,False,True,True,True,,,,,0.0,PRUNED
23,23,,2023-09-14 12:57:46.890285,2023-09-14 12:57:49.337706,0 days 00:00:02.447421,True,False,True,True,True,True,False,False,False,True,False,False,True,False,,,,,0.0,PRUNED
24,24,,2023-09-14 12:57:49.344776,2023-09-14 12:57:50.361896,0 days 00:00:01.017120,True,False,True,True,True,False,True,True,False,True,False,False,False,True,,,,,0.0,PRUNED
25,25,-1.751792878865976,2023-09-14 12:57:50.369610,2023-09-14 14:36:29.991079,0 days 01:38:39.621469,False,True,False,True,False,True,True,False,False,False,False,True,True,True,/mmfs1/gscratch/cheme/usr/evankomp/repos/nomelt/tmp/optimize_random/enh_vs_random/1632843258574128274,"[-1.751792878865976, 0.1249944587933579]",DKRVRTLFSSEQLARCKREFVENRYLTERRDQQLSSELGLNEAQIKIWRQVKRAKIKK,,0.0,COMPLETE
26,26,,2023-09-14 13:03:08.009582,2023-09-14 13:03:11.142179,0 days 00:00:03.132597,False,True,True,True,False,True,False,True,True,True,False,True,True,True,,,,,0.0,PRUNED
27,27,,2023-09-14 13:03:11.152009,2023-09-14 13:03:11.897254,0 days 00:00:00.745245,True,False,True,True,True,True,False,False,False,True,False,False,True,False,,,,,0.0,PRUNED
28,28,,2023-09-14 13:03:11.903019,2023-09-14 13:03:14.671389,0 days 00:00:02.768370,True,False,True,True,True,False,True,True,False,True,False,False,False,True,,,,,0.0,PRUNED
29,29,,2023-09-14 13:03:14.678161,2023-09-14 13:03:23.432730,0 days 00:00:08.754569,False,True,False,True,False,True,True,False,False,False,False,True,True,True,,,,,0.0,PRUNED
30,30,-1.9354091596992247,2023-09-14 13:03:23.443073,2023-09-14 14:42:11.692529,0 days 01:38:48.249456,False,False,False,False,True,True,True,True,False,True,True,True,False,True,/mmfs1/gscratch/cheme/usr/evankomp/repos/nomelt/tmp/optimize_random/enh_vs_random/-8584194522958726178,"[-1.9354091596992247, 0.06967459713981063]",DKRVRTLFSSEQLARLKREFNECRYLTERRDDQLDEELGLNEAQIKIWRQNKRAKIKK,,0.0,COMPLETE
31,31,,2023-09-14 13:06:11.368211,2023-09-14 13:06:15.683857,0 days 00:00:04.315646,False,True,True,True,False,True,False,True,True,True,False,True,True,True,,,,,0.0,PRUNED
32,32,,2023-09-14 13:06:15.696426,2023-09-14 13:06:18.452244,0 days 00:00:02.755818,True,False,True,True,True,True,False,False,False,True,False,False,True,False,,,,,0.0,PRUNED
33,33,,2023-09-14 13:06:18.465757,2023-09-14 13:06:26.250350,0 days 00:00:07.784593,True,False,True,True,True,False,True,True,False,True,False,False,False,True,,,,,0.0,PRUNED
34,34,,2023-09-14 13:06:26.260646,2023-09-14 13:06:27.529196,0 days 00:00:01.268550,False,True,False,True,False,True,True,False,False,False,False,True,True,True,,,,,0.0,PRUNED
35,35,,2023-09-14 13:06:27.536860,2023-09-14 13:06:37.371084,0 days 00:00:09.834224,False,False,False,False,True,True,True,True,False,True,True,True,False,True,,,,,0.0,PRUNED
36,36,-1.9779405723224963,2023-09-14 13:06:37.376424,2023-09-14 14:44:40.104014,0 days 01:38:02.727590,False,False,False,False,True,False,True,False,True,True,False,False,False,True,/mmfs1/gscratch/cheme/usr/evankomp/repos/nomelt/tmp/optimize_random/enh_vs_random/-922541832644882479,"[-1.9779405723224963, 0.07706973107705727]",DKRPRTLFSSEQLARLKREFNECRYLTERRDQMLDSELGLNEAQIKIWFQNKRAKIKK,,0.0,COMPLETE
37,37,,2023-09-14 13:40:30.929086,2023-09-14 13:40:35.338707,0 days 00:00:04.409621,False,True,True,True,False,True,False,True,True,True,False,True,True,True,,,,,0.0,PRUNED
38,38,,2023-09-14 13:40:35.345135,2023-09-14 13:40:37.493048,0 days 00:00:02.147913,True,False,True,True,True,True,False,False,False,True,False,False,True,False,,,,,0.0,PRUNED
39,39,,2023-09-14 13:40:37.502282,2023-09-14 13:40:41.585721,0 days 00:00:04.083439,True,False,True,True,True,False,True,True,False,True,False,False,False,True,,,,,0.0,PRUNED
40,40,,2023-09-14 13:40:41.597308,2023-09-14 13:40:51.625611,0 days 00:00:10.028303,False,True,False,True,False,True,True,False,False,False,False,True,True,True,,,,,0.0,PRUNED
41,41,,2023-09-14 13:40:43.331051,2023-09-14 13:40:45.883726,0 days 00:00:02.552675,True,False,True,True,True,True,False,False,False,True,False,False,True,False,,,,,0.0,PRUNED
42,42,,2023-09-14 13:40:45.892504,2023-09-14 13:40:55.318303,0 days 00:00:09.425799,True,False,True,True,True,False,True,True,False,True,False,False,False,True,,,,,0.0,PRUNED
43,43,,2023-09-14 13:40:51.632020,2023-09-14 13:40:58.661468,0 days 00:00:07.029448,False,False,False,False,True,True,True,True,False,True,True,True,False,True,,,,,0.0,PRUNED
44,44,,2023-09-14 13:40:55.331233,2023-09-14 13:40:56.956800,0 days 00:00:01.625567,False,True,False,True,False,True,True,False,False,False,False,True,True,True,,,,,0.0,PRUNED
45,45,,2023-09-14 13:40:56.961177,2023-09-14 13:41:00.391764,0 days 00:00:03.430587,False,False,False,False,True,True,True,True,False,True,True,True,False,True,,,,,0.0,PRUNED
46,46,,2023-09-14 13:40:58.665839,2023-09-14 13:41:08.085300,0 days 00:00:09.419461,False,False,False,False,True,False,True,False,True,True,False,False,False,True,,,,,0.0,PRUNED
47,47,,2023-09-14 13:41:00.401073,2023-09-14 13:41:08.274612,0 days 00:00:07.873539,False,False,False,False,True,False,True,False,True,True,False,False,False,True,,,,,0.0,PRUNED
48,48,-1.3293033589884076,2023-09-14 13:41:08.094735,2023-09-14 15:02:04.698435,0 days 01:20:56.603700,True,True,False,True,False,True,True,True,True,True,False,True,False,False,/mmfs1/gscratch/cheme/usr/evankomp/repos/nomelt/tmp/optimize_random/enh_vs_random/-6738745295239987382,"[-1.3293033589884076, 0.13911074520256383]",DKRVRTAFSSECLARCKREFVENRYLTERRDDMLDSELGLNEAQIKIWRQNKRAKIKK,,0.0,COMPLETE
49,49,-1.308334058752314,2023-09-14 13:41:08.282186,2023-09-14 15:02:01.900334,0 days 01:20:53.618148,True,True,False,True,False,True,True,True,True,True,False,True,False,False,/mmfs1/gscratch/cheme/usr/evankomp/repos/nomelt/tmp/optimize_random/enh_vs_random/3381956059580783246,"[-1.308334058752314, 0.16448008937314268]",DKRVRTAFSSECLARCKREFVENRYLTERRDDMLDSELGLNEAQIKIWRQNKRAKIKK,,0.0,COMPLETE
50,50,,2023-09-14 13:43:07.008388,2023-09-14 13:43:10.097192,0 days 00:00:03.088804,True,False,True,True,True,False,True,True,False,True,False,False,False,True,,,,,0.0,PRUNED
51,51,,2023-09-14 13:43:10.107567,2023-09-14 13:43:12.036665,0 days 00:00:01.929098,False,True,False,True,False,True,True,False,False,False,False,True,True,True,,,,,0.0,PRUNED
52,52,,2023-09-14 13:43:12.045191,2023-09-14 13:43:20.990041,0 days 00:00:08.944850,False,False,False,False,True,True,True,True,False,True,True,True,False,True,,,,,0.0,PRUNED
53,53,,2023-09-14 13:43:20.999536,2023-09-14 13:43:26.678237,0 days 00:00:05.678701,False,False,False,False,True,False,True,False,True,True,False,False,False,True,,,,,0.0,PRUNED
54,54,,2023-09-14 13:43:26.688618,2023-09-14 13:43:30.761874,0 days 00:00:04.073256,True,True,False,True,False,True,True,True,True,True,False,True,False,False,,,,,0.0,PRUNED
55,55,-2.1364896042836006,2023-09-14 13:43:30.770465,2023-09-14 15:04:10.757952,0 days 01:20:39.987487,False,True,False,False,True,True,False,True,False,False,False,False,False,True,/mmfs1/gscratch/cheme/usr/evankomp/repos/nomelt/tmp/optimize_random/enh_vs_random/7156511233557121016,"[-2.1364896042836006, 0.02233739249595686]",DKRVRTLFSSEQLARCKREFNECRYLTERRRDQLSSELGLNEAQIKIWFQNKRAKIKK,,0.0,COMPLETE
56,56,,2023-09-14 13:50:06.478438,2023-09-14 13:50:16.612769,0 days 00:00:10.134331,False,True,False,True,False,True,True,False,False,False,False,True,True,True,,,,,0.0,PRUNED
57,57,,2023-09-14 13:50:16.620351,2023-09-14 13:50:18.407417,0 days 00:00:01.787066,False,False,False,False,True,True,True,True,False,True,True,True,False,True,,,,,0.0,PRUNED
58,58,,2023-09-14 13:50:18.419159,2023-09-14 13:50:28.324200,0 days 00:00:09.905041,False,False,False,False,True,False,True,False,True,True,False,False,False,True,,,,,0.0,PRUNED
59,59,,2023-09-14 13:50:28.331083,2023-09-14 13:50:33.896924,0 days 00:00:05.565841,True,True,False,True,False,True,True,True,True,True,False,True,False,False,,,,,0.0,PRUNED
60,60,,2023-09-14 13:50:33.909429,2023-09-14 13:50:35.582620,0 days 00:00:01.673191,False,True,False,False,True,True,False,True,False,False,False,False,False,True,,,,,0.0,PRUNED
61,61,-1.70097727579288,2023-09-14 13:50:35.593046,2023-09-14 15:11:41.585245,0 days 01:21:05.992199,False,True,False,True,True,True,True,False,True,True,True,True,False,True,/mmfs1/gscratch/cheme/usr/evankomp/repos/nomelt/tmp/optimize_random/enh_vs_random/3237182476917987282,"[-1.70097727579288, 0.11542293650988258]",DKRVRTLFSSEQLARCKREFVECRYLTERRDQMLDEELGLNEAQIKIWRQNKRAKIKK,,0.0,COMPLETE
62,62,,2023-09-14 14:36:29.999696,2023-09-14 14:36:39.475392,0 days 00:00:09.475696,False,False,False,False,True,True,True,True,False,True,True,True,False,True,,,,,0.0,PRUNED
63,63,,2023-09-14 14:36:39.484027,2023-09-14 14:36:48.908713,0 days 00:00:09.424686,False,False,False,False,True,False,True,False,True,True,False,False,False,True,,,,,0.0,PRUNED
64,64,,2023-09-14 14:36:48.920746,2023-09-14 14:36:49.417595,0 days 00:00:00.496849,True,True,False,True,False,True,True,True,True,True,False,True,False,False,,,,,0.0,PRUNED
65,65,,2023-09-14 14:36:49.423922,2023-09-14 14:36:52.619789,0 days 00:00:03.195867,False,True,False,False,True,True,False,True,False,False,False,False,False,True,,,,,0.0,PRUNED
66,66,,2023-09-14 14:36:52.626561,2023-09-14 14:37:01.701092,0 days 00:00:09.074531,False,True,False,True,True,True,True,False,True,True,True,True,False,True,,,,,0.0,PRUNED
67,67,-1.8408531922798668,2023-09-14 14:37:01.705405,2023-09-14 16:08:12.158253,0 days 01:31:10.452848,False,False,False,True,True,False,False,True,True,False,False,True,True,False,/mmfs1/gscratch/cheme/usr/evankomp/repos/nomelt/tmp/optimize_random/enh_vs_random/6150997444213942492,"[-1.8408531922798668, 0.06179013274533207]",DKRPRTAFSSEQLARLKREFVECRYLTERRRDMLSSELGLNEAQIKIWRQVKRAKIKK,,0.0,COMPLETE
68,68,,2023-09-14 14:42:11.703226,2023-09-14 14:42:16.673946,0 days 00:00:04.970720,False,False,False,False,True,False,True,False,True,True,False,False,False,True,,,,,0.0,PRUNED
69,69,,2023-09-14 14:42:16.684265,2023-09-14 14:42:20.113400,0 days 00:00:03.429135,True,True,False,True,False,True,True,True,True,True,False,True,False,False,,,,,0.0,PRUNED
70,70,,2023-09-14 14:42:20.119773,2023-09-14 14:42:24.362660,0 days 00:00:04.242887,False,True,False,False,True,True,False,True,False,False,False,False,False,True,,,,,0.0,PRUNED
71,71,,2023-09-14 14:42:24.372784,2023-09-14 14:42:33.004373,0 days 00:00:08.631589,False,True,False,True,True,True,True,False,True,True,True,True,False,True,,,,,0.0,PRUNED
72,72,,2023-09-14 14:42:33.009868,2023-09-14 14:42:40.355114,0 days 00:00:07.345246,False,False,False,True,True,False,False,True,True,False,False,True,True,False,,,,,0.0,PRUNED
73,73,-1.6996589182949862,2023-09-14 14:42:40.363968,2023-09-14 16:12:42.055508,0 days 01:30:01.691540,False,True,False,True,False,False,True,True,True,True,False,False,True,True,/mmfs1/gscratch/cheme/usr/evankomp/repos/nomelt/tmp/optimize_random/enh_vs_random/-2996535384447028149,"[-1.6996589182949862, 0.09287599040685726]",DKRPRTLFSSEQLARCKREFVENRYLTERRDDMLDSELGLNEAQIKIWFQVKRAKIKK,,0.0,COMPLETE
74,74,,2023-09-14 14:44:40.111865,2023-09-14 14:44:44.616410,0 days 00:00:04.504545,True,True,False,True,False,True,True,True,True,True,False,True,False,False,,,,,0.0,PRUNED
75,75,,2023-09-14 14:44:44.625072,2023-09-14 14:44:49.964019,0 days 00:00:05.338947,False,True,False,False,True,True,False,True,False,False,False,False,False,True,,,,,0.0,PRUNED
76,76,,2023-09-14 14:44:49.975340,2023-09-14 14:44:59.558759,0 days 00:00:09.583419,False,True,False,True,True,True,True,False,True,True,True,True,False,True,,,,,0.0,PRUNED
77,77,,2023-09-14 14:44:59.566727,2023-09-14 14:45:06.303458,0 days 00:00:06.736731,False,False,False,True,True,False,False,True,True,False,False,True,True,False,,,,,0.0,PRUNED
78,78,,2023-09-14 14:45:06.310066,2023-09-14 14:45:11.471229,0 days 00:00:05.161163,False,True,False,True,False,False,True,True,True,True,False,False,True,True,,,,,0.0,PRUNED
79,79,-1.3288025774898609,2023-09-14 14:45:11.478860,2023-09-14 16:15:08.822372,0 days 01:29:57.343512,False,False,True,True,False,True,True,False,True,True,True,True,False,True,/mmfs1/gscratch/cheme/usr/evankomp/repos/nomelt/tmp/optimize_random/enh_vs_random/2281626459746548094,"[-1.3288025774898609, 0.14275440995893052]",DKRVRTLFSSEQLARLKRWFVENRYLTERRDQMLDEELGLNEAQIKIWRQNKRAKIKK,,0.0,COMPLETE
80,80,,2023-09-14 15:02:01.908512,2023-09-14 15:02:05.625097,0 days 00:00:03.716585,False,True,False,False,True,True,False,True,False,False,False,False,False,True,,,,,0.0,PRUNED
81,81,,2023-09-14 15:02:04.706424,2023-09-14 15:02:06.710296,0 days 00:00:02.003872,False,True,False,False,True,True,False,True,False,False,False,False,False,True,,,,,0.0,PRUNED
82,82,,2023-09-14 15:02:05.632363,2023-09-14 15:02:13.294849,0 days 00:00:07.662486,False,True,False,True,True,True,True,False,True,True,True,True,False,True,,,,,0.0,PRUNED
83,83,,2023-09-14 15:02:06.717197,2023-09-14 15:02:06.923584,0 days 00:00:00.206387,False,True,False,True,True,True,True,False,True,True,True,True,False,True,,,,,0.0,PRUNED
84,84,,2023-09-14 15:02:06.931002,2023-09-14 15:02:09.872121,0 days 00:00:02.941119,False,False,False,True,True,False,False,True,True,False,False,True,True,False,,,,,0.0,PRUNED
85,85,,2023-09-14 15:02:09.878791,2023-09-14 15:02:14.380164,0 days 00:00:04.501373,False,True,False,True,False,False,True,True,True,True,False,False,True,True,,,,,0.0,PRUNED
86,86,,2023-09-14 15:02:13.300150,2023-09-14 15:02:16.691923,0 days 00:00:03.391773,False,False,False,True,True,False,False,True,True,False,False,True,True,False,,,,,0.0,PRUNED
87,87,,2023-09-14 15:02:14.385515,2023-09-14 15:02:20.931193,0 days 00:00:06.545678,False,False,True,True,False,True,True,False,True,True,True,True,False,True,,,,,0.0,PRUNED
88,88,,2023-09-14 15:02:16.699124,2023-09-14 15:02:21.289750,0 days 00:00:04.590626,False,True,False,True,False,False,True,True,True,True,False,False,True,True,,,,,0.0,PRUNED
89,89,-1.9559685744049502,2023-09-14 15:02:20.941401,2023-09-14 16:22:39.960028,0 days 01:20:19.018627,False,True,True,False,False,True,False,False,False,False,False,True,False,False,/mmfs1/gscratch/cheme/usr/evankomp/repos/nomelt/tmp/optimize_random/enh_vs_random/-1683315148540732782,"[-1.9559685744049502, 0.08635379756831889]",DKRVRTAFSSEQLARCKRWFNENRYLTERRRQQLSSELGLNEAQIKIWRQNKRAKIKK,,0.0,COMPLETE
90,90,,2023-09-14 15:02:21.298874,2023-09-14 15:02:26.648641,0 days 00:00:05.349767,False,False,True,True,False,True,True,False,True,True,True,True,False,True,,,,,0.0,PRUNED
91,91,,2023-09-14 15:02:26.655250,2023-09-14 15:02:27.677765,0 days 00:00:01.022515,False,True,True,False,False,True,False,False,False,False,False,True,False,False,,,,,0.0,PRUNED
92,92,-1.6365949831366922,2023-09-14 15:02:27.684899,2023-09-14 16:22:37.894242,0 days 01:20:10.209343,True,True,True,False,True,False,False,True,False,True,True,False,False,True,/mmfs1/gscratch/cheme/usr/evankomp/repos/nomelt/tmp/optimize_random/enh_vs_random/-5668574475777230386,"[-1.6365949831366922, 0.08588373137984483]",DKRPRTLFSSECLARCKRWFNECRYLTERRRDQLDEELGLNEAQIKIWFQNKRAKIKK,,0.0,COMPLETE
93,93,,2023-09-14 15:04:10.764512,2023-09-14 15:04:15.741649,0 days 00:00:04.977137,False,True,False,True,True,True,True,False,True,True,True,True,False,True,,,,,0.0,PRUNED
94,94,,2023-09-14 15:04:15.745556,2023-09-14 15:04:22.157218,0 days 00:00:06.411662,False,False,False,True,True,False,False,True,True,False,False,True,True,False,,,,,0.0,PRUNED
95,95,,2023-09-14 15:04:22.167235,2023-09-14 15:04:24.098734,0 days 00:00:01.931499,False,True,False,True,False,False,True,True,True,True,False,False,True,True,,,,,0.0,PRUNED
96,96,,2023-09-14 15:04:24.102719,2023-09-14 15:04:26.689025,0 days 00:00:02.586306,False,False,True,True,False,True,True,False,True,True,True,True,False,True,,,,,0.0,PRUNED
97,97,,2023-09-14 15:04:26.695897,2023-09-14 15:04:31.175629,0 days 00:00:04.479732,False,True,True,False,False,True,False,False,False,False,False,True,False,False,,,,,0.0,PRUNED
98,98,,2023-09-14 15:04:31.182766,2023-09-14 15:04:37.625948,0 days 00:00:06.443182,True,True,True,False,True,False,False,True,False,True,True,False,False,True,,,,,0.0,PRUNED
99,99,-1.3129333460185677,2023-09-14 15:04:37.630507,2023-09-14 16:25:19.373922,0 days 01:20:41.743415,True,False,True,False,True,False,False,True,False,False,False,True,False,False,/mmfs1/gscratch/cheme/usr/evankomp/repos/nomelt/tmp/optimize_random/enh_vs_random/680264377657211457,"[-1.3129333460185677, 0.18567703234786873]",DKRPRTAFSSECLARLKRWFNECRYLTERRRDQLSSELGLNEAQIKIWRQNKRAKIKK,,0.0,COMPLETE
100,100,-1.97260747457692,2023-09-14 15:11:41.591171,2023-09-14 16:32:30.725518,0 days 01:20:49.134347,False,False,True,True,True,True,False,True,False,True,False,False,False,True,/mmfs1/gscratch/cheme/usr/evankomp/repos/nomelt/tmp/optimize_random/enh_vs_random/-8455725322325929556,"[-1.97260747457692, 0.05188943873522386]",DKRVRTLFSSEQLARLKRWFVECRYLTERRRDQLDSELGLNEAQIKIWFQNKRAKIKK,,1.0,COMPLETE
101,101,-1.530386860669734,2023-09-14 16:08:12.164347,2023-09-14 17:26:01.196963,0 days 01:17:49.032616,False,True,True,True,True,True,True,False,False,True,False,False,True,False,/mmfs1/gscratch/cheme/usr/evankomp/repos/nomelt/tmp/optimize_random/enh_vs_random/-7402796290972596326,"[-1.530386860669734, 0.21849558584826734]",DKRVRTAFSSEQLARCKRWFVECRYLTERRDQQLDSELGLNEAQIKIWFQVKRAKIKK,,1.0,COMPLETE
102,102,-1.4744979259493483,2023-09-14 16:12:42.065023,2023-09-14 17:30:23.611427,0 days 01:17:41.546404,True,True,False,True,False,True,True,True,True,True,False,False,True,True,/mmfs1/gscratch/cheme/usr/evankomp/repos/nomelt/tmp/optimize_random/enh_vs_random/8944624699936520804,"[-1.4744979259493483, 0.08499084089695684]",DKRVRTLFSSECLARCKREFVENRYLTERRDDMLDSELGLNEAQIKIWFQVKRAKIKK,,1.0,COMPLETE
103,103,,2023-09-14 16:15:08.828656,2023-09-14 16:15:15.031385,0 days 00:00:06.202729,True,True,False,True,False,True,True,True,True,True,False,False,True,True,,,,,1.0,PRUNED
104,104,-1.936763719453875,2023-09-14 16:15:15.036589,2023-09-14 17:32:35.638582,0 days 01:17:20.601993,False,False,False,True,False,True,False,True,True,True,True,True,False,True,/mmfs1/gscratch/cheme/usr/evankomp/repos/nomelt/tmp/optimize_random/enh_vs_random/7298279938541503236,"[-1.936763719453875, 0.06461618484248328]",DKRVRTLFSSEQLARLKREFVENRYLTERRRDMLDEELGLNEAQIKIWRQNKRAKIKK,,1.0,COMPLETE
105,105,-1.780040917409731,2023-09-14 16:22:37.908461,2023-09-14 17:42:03.097138,0 days 01:19:25.188677,False,True,False,True,True,True,True,False,True,False,True,True,False,True,/mmfs1/gscratch/cheme/usr/evankomp/repos/nomelt/tmp/optimize_random/enh_vs_random/-2309249201556704891,"[-1.780040917409731, 0.1535199490474719]",DKRVRTLFSSEQLARCKREFVECRYLTERRDQMLSEELGLNEAQIKIWRQNKRAKIKK,,1.0,COMPLETE
106,106,,2023-09-14 16:22:39.964491,2023-09-14 16:22:48.759248,0 days 00:00:08.794757,False,True,False,True,True,True,True,False,True,False,True,True,False,True,,,,,1.0,PRUNED
107,107,-1.4213539506977582,2023-09-14 16:22:48.763769,2023-09-14 17:42:08.757219,0 days 01:19:19.993450,False,False,True,False,True,True,True,False,False,False,False,True,False,False,/mmfs1/gscratch/cheme/usr/evankomp/repos/nomelt/tmp/optimize_random/enh_vs_random/-7349736481827094430,"[-1.4213539506977582, 0.162235168434495]",DKRVRTAFSSEQLARLKRWFNECRYLTERRDQQLSSELGLNEAQIKIWRQNKRAKIKK,,1.0,COMPLETE
108,108,-1.5549106357320726,2023-09-14 16:25:19.382914,2023-09-14 17:44:36.672699,0 days 01:19:17.289785,True,True,False,True,True,True,True,False,True,False,True,True,False,True,/mmfs1/gscratch/cheme/usr/evankomp/repos/nomelt/tmp/optimize_random/enh_vs_random/-4073710942143916964,"[-1.5549106357320726, 0.10648029066922973]",DKRVRTLFSSECLARCKREFVECRYLTERRDQMLSEELGLNEAQIKIWRQNKRAKIKK,,1.0,COMPLETE
109,109,-1.5872372584115921,2023-09-14 16:32:30.732153,2023-09-14 17:51:57.041190,0 days 01:19:26.309037,False,False,True,False,False,True,True,False,False,False,False,True,False,False,/mmfs1/gscratch/cheme/usr/evankomp/repos/nomelt/tmp/optimize_random/enh_vs_random/249878919852964734,"[-1.5872372584115921, 0.13553816049201406]",DKRVRTAFSSEQLARLKRWFNENRYLTERRDQQLSSELGLNEAQIKIWRQNKRAKIKK,,1.0,COMPLETE
110,110,,2023-09-14 17:26:01.206275,2023-09-14 17:26:07.349733,0 days 00:00:06.143458,False,False,True,False,True,True,True,False,False,False,False,True,False,False,,,,,1.0,PRUNED
111,111,-1.8216092409106885,2023-09-14 17:26:07.358784,2023-09-14 18:44:11.060835,0 days 01:18:03.702051,False,True,True,True,True,False,False,False,False,False,False,True,False,False,/mmfs1/gscratch/cheme/usr/evankomp/repos/nomelt/tmp/optimize_random/enh_vs_random/1934018661295815121,"[-1.8216092409106885, 0.183179420442312]",DKRPRTAFSSEQLARCKRWFVECRYLTERRRQQLSSELGLNEAQIKIWRQNKRAKIKK,,1.0,COMPLETE
112,112,,2023-09-14 17:30:23.619117,2023-09-14 17:30:29.329351,0 days 00:00:05.710234,False,False,True,False,True,True,True,False,False,False,False,True,False,False,,,,,1.0,PRUNED
113,113,-1.607955550774747,2023-09-14 17:30:29.338508,2023-09-14 18:48:42.750709,0 days 01:18:13.412201,False,True,True,False,True,False,False,True,False,False,False,True,False,False,/mmfs1/gscratch/cheme/usr/evankomp/repos/nomelt/tmp/optimize_random/enh_vs_random/-17582807309225072,"[-1.607955550774747, 0.1913710277993361]",DKRPRTAFSSEQLARCKRWFNECRYLTERRRDQLSSELGLNEAQIKIWRQNKRAKIKK,,1.0,COMPLETE
114,114,-1.6493413680919817,2023-09-14 17:32:35.646041,2023-09-14 18:51:08.285227,0 days 01:18:32.639186,False,True,True,True,True,False,False,True,False,False,False,True,False,False,/mmfs1/gscratch/cheme/usr/evankomp/repos/nomelt/tmp/optimize_random/enh_vs_random/6114665153310233077,"[-1.6493413680919817, 0.2107223666071191]",DKRPRTAFSSEQLARCKRWFVECRYLTERRRDQLSSELGLNEAQIKIWRQNKRAKIKK,,1.0,COMPLETE
115,115,,2023-09-14 17:42:03.106400,2023-09-14 17:42:05.024771,0 days 00:00:01.918371,False,False,True,False,False,True,True,False,False,False,False,True,False,False,,,,,1.0,PRUNED
116,116,-1.7376001412804576,2023-09-14 17:42:05.034032,2023-09-14 19:01:25.916712,0 days 01:19:20.882680,False,True,True,False,True,True,False,True,False,False,False,True,False,False,/mmfs1/gscratch/cheme/usr/evankomp/repos/nomelt/tmp/optimize_random/enh_vs_random/1164398500805085654,"[-1.7376001412804576, 0.19152074659103596]",DKRVRTAFSSEQLARCKRWFNECRYLTERRRDQLSSELGLNEAQIKIWRQNKRAKIKK,,1.0,COMPLETE
117,117,-1.6828186095497637,2023-09-14 17:42:08.766867,2023-09-14 19:03:50.520009,0 days 01:21:41.753142,False,True,True,True,True,True,False,True,False,False,False,True,False,False,/mmfs1/gscratch/cheme/usr/evankomp/repos/nomelt/tmp/optimize_random/enh_vs_random/-7104988772872369939,"[-1.6828186095497637, 0.1629258806294162]",DKRVRTAFSSEQLARCKRWFVECRYLTERRRDQLSSELGLNEAQIKIWRQNKRAKIKK,,1.0,COMPLETE
118,118,,2023-09-14 17:44:36.681114,2023-09-14 17:44:39.041034,0 days 00:00:02.359920,False,False,True,False,True,True,True,False,False,False,False,True,False,False,,,,,1.0,PRUNED
119,119,,2023-09-14 17:44:39.052792,2023-09-14 17:44:48.674098,0 days 00:00:09.621306,False,True,True,False,True,False,False,True,False,False,False,True,False,False,,,,,1.0,PRUNED
120,120,-1.9495696028219398,2023-09-14 17:44:48.683058,2023-09-14 19:07:38.679055,0 days 01:22:49.995997,False,False,False,True,False,False,True,True,True,True,False,False,False,True,/mmfs1/gscratch/cheme/usr/evankomp/repos/nomelt/tmp/optimize_random/enh_vs_random/-7201900807451159972,"[-1.9495696028219398, 0.18711791299362268]",DKRPRTLFSSEQLARLKREFVENRYLTERRDDMLDSELGLNEAQIKIWFQNKRAKIKK,,1.0,COMPLETE
121,121,-1.7344666233012478,2023-09-14 17:51:57.051990,2023-09-14 19:11:00.258240,0 days 01:19:03.206250,False,True,True,False,True,False,False,False,False,False,False,True,False,False,/mmfs1/gscratch/cheme/usr/evankomp/repos/nomelt/tmp/optimize_random/enh_vs_random/-5156457900581824618,"[-1.7344666233012478, 0.19664008109221234]",DKRPRTAFSSEQLARCKRWFNECRYLTERRRQQLSSELGLNEAQIKIWRQNKRAKIKK,,1.0,COMPLETE
122,122,-1.8729891748847634,2023-09-14 18:44:11.068190,2023-09-14 20:01:58.066692,0 days 01:17:46.998502,False,True,False,True,False,False,True,True,True,True,False,False,False,True,/mmfs1/gscratch/cheme/usr/evankomp/repos/nomelt/tmp/optimize_random/enh_vs_random/5294308178417028881,"[-1.8729891748847634, 0.0539982485216704]",DKRPRTLFSSEQLARCKREFVENRYLTERRDDMLDSELGLNEAQIKIWFQNKRAKIKK,,1.0,COMPLETE
123,123,,2023-09-14 18:48:42.756609,2023-09-14 18:48:45.259989,0 days 00:00:02.503380,False,True,True,True,True,False,False,False,False,False,False,True,False,False,,,,,2.0,PRUNED
124,124,-1.660656117777116,2023-09-14 18:48:45.266704,2023-09-14 20:06:36.057807,0 days 01:17:50.791103,False,True,False,True,True,True,False,False,True,True,True,True,False,True,/mmfs1/gscratch/cheme/usr/evankomp/repos/nomelt/tmp/optimize_random/enh_vs_random/844379990258257988,"[-1.660656117777116, 0.1692876848779383]",DKRVRTLFSSEQLARCKREFVECRYLTERRRQMLDEELGLNEAQIKIWRQNKRAKIKK,,2.0,COMPLETE
125,125,-1.9620024199895658,2023-09-14 18:51:08.294815,2023-09-14 20:09:05.540335,0 days 01:17:57.245520,False,False,True,True,True,False,False,False,False,False,False,True,False,False,/mmfs1/gscratch/cheme/usr/evankomp/repos/nomelt/tmp/optimize_random/enh_vs_random/2421665336121701769,"[-1.9620024199895658, 0.14068003671965762]",DKRPRTAFSSEQLARLKRWFVECRYLTERRRQQLSSELGLNEAQIKIWRQNKRAKIKK,,2.0,COMPLETE
126,126,-1.8259325494307461,2023-09-14 19:01:25.928621,2023-09-14 20:20:28.660515,0 days 01:19:02.731894,False,False,True,True,True,False,False,False,False,False,False,True,True,False,/mmfs1/gscratch/cheme/usr/evankomp/repos/nomelt/tmp/optimize_random/enh_vs_random/-8261434953057158583,"[-1.8259325494307461, 0.17068774701580083]",DKRPRTAFSSEQLARLKRWFVECRYLTERRRQQLSSELGLNEAQIKIWRQVKRAKIKK,,2.0,COMPLETE
127,127,,2023-09-14 19:03:50.526706,2023-09-14 19:03:54.794588,0 days 00:00:04.267882,False,False,True,True,True,False,False,False,False,False,False,True,True,False,,,,,2.0,PRUNED
128,128,-1.5538710475685278,2023-09-14 19:03:54.804105,2023-09-14 20:22:59.616536,0 days 01:19:04.812431,False,False,True,True,True,True,False,False,True,True,True,True,False,True,/mmfs1/gscratch/cheme/usr/evankomp/repos/nomelt/tmp/optimize_random/enh_vs_random/-3765683319288066501,"[-1.5538710475685278, 0.14757795328234857]",DKRVRTLFSSEQLARLKRWFVECRYLTERRRQMLDEELGLNEAQIKIWRQNKRAKIKK,,2.0,COMPLETE
129,129,-1.8741127962618864,2023-09-14 19:07:38.692043,2023-09-14 20:26:24.569195,0 days 01:18:45.877152,False,True,False,True,True,False,True,False,False,True,False,False,False,False,/mmfs1/gscratch/cheme/usr/evankomp/repos/nomelt/tmp/optimize_random/enh_vs_random/3872907953921913645,"[-1.8741127962618864, 0.10298613906274011]",DKRPRTAFSSEQLARCKREFVECRYLTERRDQQLDSELGLNEAQIKIWFQNKRAKIKK,,2.0,COMPLETE
130,130,-1.723572813801697,2023-09-14 19:11:00.267276,2023-09-14 20:30:01.480317,0 days 01:19:01.213041,False,True,False,True,True,False,False,True,True,False,False,True,True,False,/mmfs1/gscratch/cheme/usr/evankomp/repos/nomelt/tmp/optimize_random/enh_vs_random/6122140062442587243,"[-1.723572813801697, 0.12317591295596059]",DKRPRTAFSSEQLARCKREFVECRYLTERRRDMLSSELGLNEAQIKIWRQVKRAKIKK,,2.0,COMPLETE
131,131,-1.528728265692375,2023-09-14 20:01:58.072188,2023-09-14 21:19:54.459481,0 days 01:17:56.387293,False,True,True,True,True,False,True,True,True,True,False,False,False,False,/mmfs1/gscratch/cheme/usr/evankomp/repos/nomelt/tmp/optimize_random/enh_vs_random/-1724617796582347688,"[-1.528728265692375, 0.15231589068634294]",DKRPRTAFSSEQLARCKRWFVECRYLTERRDDMLDSELGLNEAQIKIWFQNKRAKIKK,,2.0,COMPLETE
132,132,-1.8240113399390947,2023-09-14 20:06:36.069842,2023-09-14 21:24:22.386517,0 days 01:17:46.316675,False,False,False,False,True,False,True,False,False,True,True,False,True,True,/mmfs1/gscratch/cheme/usr/evankomp/repos/nomelt/tmp/optimize_random/enh_vs_random/-1640911518598896531,"[-1.8240113399390947, 0.19343185207161764]",DKRPRTLFSSEQLARLKREFNECRYLTERRDQQLDEELGLNEAQIKIWFQVKRAKIKK,,2.0,COMPLETE
133,133,-1.8922066463601135,2023-09-14 20:09:05.548703,2023-09-14 21:26:16.655364,0 days 01:17:11.106661,False,False,False,True,True,False,True,True,True,True,False,False,False,False,/mmfs1/gscratch/cheme/usr/evankomp/repos/nomelt/tmp/optimize_random/enh_vs_random/8070618961911922797,"[-1.8922066463601135, 0.13689720278741072]",DKRPRTAFSSEQLARLKREFVECRYLTERRDDMLDSELGLNEAQIKIWFQNKRAKIKK,,2.0,COMPLETE
134,134,-1.7309970055471777,2023-09-14 20:20:28.668194,2023-09-14 21:40:06.068915,0 days 01:19:37.400721,False,False,True,True,True,False,True,True,True,True,False,False,False,False,/mmfs1/gscratch/cheme/usr/evankomp/repos/nomelt/tmp/optimize_random/enh_vs_random/-1318918513892545645,"[-1.7309970055471777, 0.1269642806750684]",DKRPRTAFSSEQLARLKRWFVECRYLTERRDDMLDSELGLNEAQIKIWFQNKRAKIKK,,2.0,COMPLETE
135,135,-1.7630492085999592,2023-09-14 20:22:59.622159,2023-09-14 21:42:33.883536,0 days 01:19:34.261377,False,False,False,False,False,False,True,False,False,True,True,False,True,True,/mmfs1/gscratch/cheme/usr/evankomp/repos/nomelt/tmp/optimize_random/enh_vs_random/5168598808034305238,"[-1.7630492085999592, 0.15460145607067252]",DKRPRTLFSSEQLARLKREFNENRYLTERRDQQLDEELGLNEAQIKIWFQVKRAKIKK,,2.0,COMPLETE
136,136,-1.9849915215148244,2023-09-14 20:26:24.576819,2023-09-14 21:45:14.179981,0 days 01:18:49.603162,False,False,False,False,False,False,True,False,False,True,True,False,False,True,/mmfs1/gscratch/cheme/usr/evankomp/repos/nomelt/tmp/optimize_random/enh_vs_random/9143768425577657082,"[-1.9849915215148244, 0.111106992916988]",DKRPRTLFSSEQLARLKREFNENRYLTERRDQQLDEELGLNEAQIKIWFQNKRAKIKK,,2.0,COMPLETE
137,137,,2023-09-14 20:30:01.483795,2023-09-14 20:30:09.466933,0 days 00:00:07.983138,False,False,True,True,True,False,True,True,True,True,False,False,False,False,,,,,2.0,PRUNED
138,138,-1.9873162334320513,2023-09-14 20:30:09.472916,2023-09-14 21:49:44.307067,0 days 01:19:34.834151,False,False,False,False,True,False,True,False,False,True,True,False,False,True,/mmfs1/gscratch/cheme/usr/evankomp/repos/nomelt/tmp/optimize_random/enh_vs_random/-8042472479538582693,"[-1.9873162334320513, 0.052046738036311144]",DKRPRTLFSSEQLARLKREFNECRYLTERRDQQLDEELGLNEAQIKIWFQNKRAKIKK,,2.0,COMPLETE
139,139,,2023-09-14 21:19:54.470730,2023-09-14 21:19:55.970255,0 days 00:00:01.499525,False,False,False,False,True,False,True,False,False,True,True,False,True,True,,,,,2.0,PRUNED
140,140,-2.3119549318519534,2023-09-14 21:19:55.976787,2023-09-14 22:38:32.056761,0 days 01:18:36.079974,False,False,False,False,False,False,False,True,False,False,False,False,False,True,/mmfs1/gscratch/cheme/usr/evankomp/repos/nomelt/tmp/optimize_random/enh_vs_random/149957258420823165,"[-2.3119549318519534, 0.03329049809470029]",DKRPRTLFSSEQLARLKREFNENRYLTERRRDQLSSELGLNEAQIKIWFQNKRAKIKK,,2.0,COMPLETE
141,141,-2.1967284019368982,2023-09-14 21:24:22.394242,2023-09-14 22:43:00.787501,0 days 01:18:38.393259,False,True,False,False,False,False,False,True,False,False,False,False,False,True,/mmfs1/gscratch/cheme/usr/evankomp/repos/nomelt/tmp/optimize_random/enh_vs_random/1003280329483695207,"[-2.1967284019368982, 0.019687703720101986]",DKRPRTLFSSEQLARCKREFNENRYLTERRRDQLSSELGLNEAQIKIWFQNKRAKIKK,,2.0,COMPLETE
142,142,,2023-09-14 21:26:16.665905,2023-09-14 21:26:17.149693,0 days 00:00:00.483788,False,False,False,False,False,False,True,False,False,True,True,False,False,True,,,,,2.0,PRUNED
143,143,,2023-09-14 21:26:17.152366,2023-09-14 21:26:24.265944,0 days 00:00:07.113578,False,False,False,False,False,False,False,True,False,False,False,False,False,True,,,,,2.0,PRUNED
144,144,-1.7173853092406113,2023-09-14 21:26:24.278853,2023-09-14 22:45:12.134484,0 days 01:18:47.855631,False,False,True,True,True,True,False,True,True,False,False,True,False,True,/mmfs1/gscratch/cheme/usr/evankomp/repos/nomelt/tmp/optimize_random/enh_vs_random/-3597687725086897147,"[-1.7173853092406113, 0.11091639694040727]",DKRVRTLFSSEQLARLKRWFVECRYLTERRRDMLSSELGLNEAQIKIWRQNKRAKIKK,,2.0,COMPLETE
145,145,-2.0551233136391724,2023-09-14 21:40:06.074663,2023-09-14 23:00:33.603337,0 days 01:20:27.528674,False,False,False,True,False,False,True,False,True,True,True,False,False,True,/mmfs1/gscratch/cheme/usr/evankomp/repos/nomelt/tmp/optimize_random/enh_vs_random/-1492424477879149396,"[-2.0551233136391724, 0.10131835686798292]",DKRPRTLFSSEQLARLKREFVENRYLTERRDQMLDEELGLNEAQIKIWFQNKRAKIKK,,3.0,COMPLETE
146,146,-2.2400657426041644,2023-09-14 21:42:33.890923,2023-09-14 23:03:03.335480,0 days 01:20:29.444557,False,True,False,False,False,True,False,False,False,False,False,False,False,True,/mmfs1/gscratch/cheme/usr/evankomp/repos/nomelt/tmp/optimize_random/enh_vs_random/-1526409696644035742,"[-2.2400657426041644, 0.057624706583061215]",DKRVRTLFSSEQLARCKREFNENRYLTERRRQQLSSELGLNEAQIKIWFQNKRAKIKK,,3.0,COMPLETE
147,147,-2.3674735492292758,2023-09-14 21:45:14.191189,2023-09-14 23:05:22.452907,0 days 01:20:08.261718,False,False,False,False,True,False,False,False,False,False,False,False,False,True,/mmfs1/gscratch/cheme/usr/evankomp/repos/nomelt/tmp/optimize_random/enh_vs_random/7851095875078423317,"[-2.3674735492292758, 0.016095942152585706]",DKRPRTLFSSEQLARLKREFNECRYLTERRRQQLSSELGLNEAQIKIWFQNKRAKIKK,,3.0,COMPLETE
148,148,-2.284965281267343,2023-09-14 21:49:44.319224,2023-09-14 23:10:08.470251,0 days 01:20:24.151027,False,False,False,False,True,True,False,True,False,False,False,False,False,True,/mmfs1/gscratch/cheme/usr/evankomp/repos/nomelt/tmp/optimize_random/enh_vs_random/-6134951659242199625,"[-2.284965281267343, 0.015815235796962875]",DKRVRTLFSSEQLARLKREFNECRYLTERRRDQLSSELGLNEAQIKIWFQNKRAKIKK,,3.0,COMPLETE
149,149,-2.3167381229054307,2023-09-14 22:38:32.065721,2023-09-14 23:57:00.036585,0 days 01:18:27.970864,False,False,False,True,False,False,False,True,False,False,False,False,False,True,/mmfs1/gscratch/cheme/usr/evankomp/repos/nomelt/tmp/optimize_random/enh_vs_random/8848890416612008808,"[-2.3167381229054307, 0.04293389059202979]",DKRPRTLFSSEQLARLKREFVENRYLTERRRDQLSSELGLNEAQIKIWFQNKRAKIKK,,3.0,COMPLETE
150,150,-1.9971531020948001,2023-09-14 22:43:00.797111,2023-09-15 00:01:24.982872,0 days 01:18:24.185761,False,False,True,False,False,False,False,False,True,False,False,False,False,True,/mmfs1/gscratch/cheme/usr/evankomp/repos/nomelt/tmp/optimize_random/enh_vs_random/2108453987795772413,"[-1.9971531020948001, 0.2491843443509099]",DKRPRTLFSSEQLARLKRWFNENRYLTERRRQMLSSELGLNEAQIKIWFQNKRAKIKK,,3.0,COMPLETE
151,151,-2.3326675537678074,2023-09-14 22:45:12.143918,2023-09-15 00:03:26.222460,0 days 01:18:14.078542,False,False,False,False,False,False,False,False,True,False,False,False,False,True,/mmfs1/gscratch/cheme/usr/evankomp/repos/nomelt/tmp/optimize_random/enh_vs_random/-212307871956797777,"[-2.3326675537678074, 0.021016598593729348]",DKRPRTLFSSEQLARLKREFNENRYLTERRRQMLSSELGLNEAQIKIWFQNKRAKIKK,,3.0,COMPLETE
152,152,,2023-09-14 23:00:33.612436,2023-09-14 23:00:41.625547,0 days 00:00:08.013111,False,False,False,False,False,False,False,False,False,False,False,False,False,True,,,,,3.0,PRUNED
153,153,,2023-09-14 23:00:41.633599,2023-09-14 23:00:47.084164,0 days 00:00:05.450565,False,False,True,False,False,False,False,False,True,False,False,False,False,True,,,,,3.0,PRUNED
154,154,-2.2486101851740954,2023-09-14 23:00:47.088452,2023-09-15 00:20:43.145129,0 days 01:19:56.056677,False,False,False,False,False,False,False,True,True,False,False,False,False,True,/mmfs1/gscratch/cheme/usr/evankomp/repos/nomelt/tmp/optimize_random/enh_vs_random/2106540362145214004,"[-2.2486101851740954, 0.019359262295782657]",DKRPRTLFSSEQLARLKREFNENRYLTERRRDMLSSELGLNEAQIKIWFQNKRAKIKK,,3.0,COMPLETE
155,155,,2023-09-14 23:03:03.346063,2023-09-14 23:03:04.345670,0 days 00:00:00.999607,False,False,False,False,False,False,False,False,True,False,False,False,False,True,,,,,3.0,PRUNED
156,156,,2023-09-14 23:03:04.350180,2023-09-14 23:03:11.849430,0 days 00:00:07.499250,False,False,False,False,False,False,False,False,False,False,False,False,False,True,,,,,3.0,PRUNED
157,157,,2023-09-14 23:03:11.855951,2023-09-14 23:03:19.507902,0 days 00:00:07.651951,False,True,False,False,False,False,False,True,False,False,False,False,False,True,,,,,3.0,PRUNED
158,158,-2.150701154574507,2023-09-14 23:03:19.514315,2023-09-15 00:23:06.414003,0 days 01:19:46.899688,False,True,False,True,True,True,False,True,False,False,False,False,False,True,/mmfs1/gscratch/cheme/usr/evankomp/repos/nomelt/tmp/optimize_random/enh_vs_random/355278438694304594,"[-2.150701154574507, 0.05421496494143567]",DKRVRTLFSSEQLARCKREFVECRYLTERRRDQLSSELGLNEAQIKIWFQNKRAKIKK,,3.0,COMPLETE
159,159,,2023-09-14 23:05:22.462020,2023-09-14 23:05:22.839895,0 days 00:00:00.377875,False,False,True,False,False,False,False,False,True,False,False,False,False,True,,,,,3.0,PRUNED
160,160,,2023-09-14 23:05:22.846174,2023-09-14 23:05:29.574614,0 days 00:00:06.728440,False,False,False,False,False,False,False,False,True,False,False,False,False,True,,,,,3.0,PRUNED
161,161,,2023-09-14 23:05:29.581980,2023-09-14 23:05:37.380301,0 days 00:00:07.798321,False,True,False,False,False,False,False,True,False,False,False,False,False,True,,,,,3.0,PRUNED
162,162,,2023-09-14 23:05:37.389926,2023-09-14 23:05:46.368323,0 days 00:00:08.978397,False,True,False,True,True,True,False,True,False,False,False,False,False,True,,,,,3.0,PRUNED
163,163,-2.281355019848229,2023-09-14 23:05:46.375259,2023-09-15 00:25:23.771811,0 days 01:19:37.396552,False,False,False,False,False,False,False,True,False,False,True,False,False,True,/mmfs1/gscratch/cheme/usr/evankomp/repos/nomelt/tmp/optimize_random/enh_vs_random/6140215787966251120,"[-2.281355019848229, 0.0576182029424988]",DKRPRTLFSSEQLARLKREFNENRYLTERRRDQLSEELGLNEAQIKIWFQNKRAKIKK,,3.0,COMPLETE
164,164,,2023-09-14 23:10:08.480189,2023-09-14 23:10:14.941763,0 days 00:00:06.461574,False,False,True,False,False,False,False,False,True,False,False,False,False,True,,,,,3.0,PRUNED
165,165,-2.128971822923308,2023-09-14 23:10:14.951351,2023-09-15 00:30:03.760581,0 days 01:19:48.809230,False,False,False,False,False,False,True,False,True,False,False,False,False,True,/mmfs1/gscratch/cheme/usr/evankomp/repos/nomelt/tmp/optimize_random/enh_vs_random/2132060803049955003,"[-2.128971822923308, 0.042099587736162826]",DKRPRTLFSSEQLARLKREFNENRYLTERRDQMLSSELGLNEAQIKIWFQNKRAKIKK,,3.0,COMPLETE
166,166,-2.0632004370744537,2023-09-14 23:57:00.047993,2023-09-15 01:16:11.710113,0 days 01:19:11.662120,False,False,False,False,False,False,True,True,True,False,False,False,False,True,/mmfs1/gscratch/cheme/usr/evankomp/repos/nomelt/tmp/optimize_random/enh_vs_random/-3872955331625516860,"[-2.0632004370744537, 0.0826156564166581]",DKRPRTLFSSEQLARLKREFNENRYLTERRDDMLSSELGLNEAQIKIWFQNKRAKIKK,,3.0,COMPLETE
167,167,,2023-09-15 00:01:25.001165,2023-09-15 00:01:31.613010,0 days 00:00:06.611845,False,False,False,False,False,False,False,True,False,False,False,False,False,True,,,,,3.0,PRUNED
168,168,,2023-09-15 00:01:31.625178,2023-09-15 00:01:40.176400,0 days 00:00:08.551222,False,True,False,False,False,False,False,True,False,False,False,False,False,True,,,,,3.0,PRUNED
169,169,,2023-09-15 00:01:40.190289,2023-09-15 00:01:42.689495,0 days 00:00:02.499206,False,True,False,True,True,True,False,True,False,False,False,False,False,True,,,,,3.0,PRUNED
170,170,,2023-09-15 00:01:42.700881,2023-09-15 00:01:49.111986,0 days 00:00:06.411105,False,False,False,False,False,False,False,True,False,False,True,False,False,True,,,,,3.0,PRUNED
171,171,,2023-09-15 00:01:49.118754,2023-09-15 00:01:57.519309,0 days 00:00:08.400555,False,False,False,False,False,False,False,True,False,False,False,False,False,True,,,,,3.0,PRUNED
172,172,-2.027782536355162,2023-09-15 00:01:57.529043,2023-09-15 01:20:36.867146,0 days 01:18:39.338103,False,False,False,False,False,True,True,False,False,True,False,False,False,True,/mmfs1/gscratch/cheme/usr/evankomp/repos/nomelt/tmp/optimize_random/enh_vs_random/6655566531965136497,"[-2.027782536355162, 0.0757562487342656]",DKRVRTLFSSEQLARLKREFNENRYLTERRDQQLDSELGLNEAQIKIWFQNKRAKIKK,,3.0,COMPLETE
173,173,,2023-09-15 00:03:26.229368,2023-09-15 00:03:30.041149,0 days 00:00:03.811781,False,True,False,False,False,False,False,True,False,False,False,False,False,True,,,,,3.0,PRUNED
174,174,,2023-09-15 00:03:30.051553,2023-09-15 00:03:39.879224,0 days 00:00:09.827671,False,True,False,True,True,True,False,True,False,False,False,False,False,True,,,,,3.0,PRUNED
175,175,,2023-09-15 00:03:39.891268,2023-09-15 00:03:50.004474,0 days 00:00:10.113206,False,False,False,False,False,False,False,True,False,False,True,False,False,True,,,,,3.0,PRUNED
176,176,-2.208118923994561,2023-09-15 00:03:50.014488,2023-09-15 01:23:08.536107,0 days 01:19:18.521619,False,False,False,False,False,False,True,True,False,False,False,False,False,True,/mmfs1/gscratch/cheme/usr/evankomp/repos/nomelt/tmp/optimize_random/enh_vs_random/4602410350334890176,"[-2.208118923994561, 0.037218679191740704]",DKRPRTLFSSEQLARLKREFNENRYLTERRDDQLSSELGLNEAQIKIWFQNKRAKIKK,,3.0,COMPLETE
177,177,,2023-09-15 00:20:43.150202,2023-09-15 00:20:49.998452,0 days 00:00:06.848250,False,True,False,False,False,False,False,True,False,False,False,False,False,True,,,,,3.0,PRUNED
178,178,,2023-09-15 00:20:50.008280,2023-09-15 00:20:53.322173,0 days 00:00:03.313893,False,True,False,True,True,True,False,True,False,False,False,False,False,True,,,,,3.0,PRUNED
179,179,,2023-09-15 00:20:53.328999,2023-09-15 00:21:03.015850,0 days 00:00:09.686851,False,False,False,False,False,False,False,True,False,False,True,False,False,True,,,,,3.0,PRUNED
180,180,,2023-09-15 00:21:03.025438,2023-09-15 00:21:08.281324,0 days 00:00:05.255886,False,False,False,False,False,False,False,True,False,False,False,False,False,True,,,,,3.0,PRUNED
181,181,-1.9648036465963967,2023-09-15 00:21:08.287223,2023-09-15 01:42:08.812016,0 days 01:21:00.524793,False,False,False,False,False,False,True,False,False,True,False,False,False,True,/mmfs1/gscratch/cheme/usr/evankomp/repos/nomelt/tmp/optimize_random/enh_vs_random/494598490044577785,"[-1.9648036465963967, 0.07243327724939828]",DKRPRTLFSSEQLARLKREFNENRYLTERRDQQLDSELGLNEAQIKIWFQNKRAKIKK,,3.0,COMPLETE
182,182,,2023-09-15 00:23:06.424832,2023-09-15 00:23:16.466416,0 days 00:00:10.041584,False,False,False,False,False,False,False,True,False,False,True,False,False,True,,,,,3.0,PRUNED
183,183,,2023-09-15 00:23:16.470625,2023-09-15 00:23:25.363797,0 days 00:00:08.893172,False,False,False,False,False,False,True,True,False,False,False,False,False,True,,,,,3.0,PRUNED
184,184,,2023-09-15 00:23:25.368492,2023-09-15 00:23:35.456617,0 days 00:00:10.088125,False,False,False,False,False,False,True,False,False,True,False,False,False,True,,,,,3.0,PRUNED
185,185,-2.108297498365915,2023-09-15 00:23:35.466600,2023-09-15 01:44:32.802762,0 days 01:20:57.336162,False,True,True,False,False,True,False,False,True,False,False,False,False,False,/mmfs1/gscratch/cheme/usr/evankomp/repos/nomelt/tmp/optimize_random/enh_vs_random/-1795303420139533368,"[-2.108297498365915, 0.028578274232007515]",DKRVRTAFSSEQLARCKRWFNENRYLTERRRQMLSSELGLNEAQIKIWFQNKRAKIKK,,3.0,COMPLETE
186,186,,2023-09-15 00:25:23.783345,2023-09-15 00:25:28.335521,0 days 00:00:04.552176,False,False,False,False,True,False,False,False,False,False,False,False,False,True,,,,,4.0,PRUNED
187,187,-2.1725228074424385,2023-09-15 00:25:28.343663,2023-09-15 01:46:54.346245,0 days 01:21:26.002582,False,False,False,False,False,False,False,True,False,True,False,False,False,True,/mmfs1/gscratch/cheme/usr/evankomp/repos/nomelt/tmp/optimize_random/enh_vs_random/-2274108292486673795,"[-2.1725228074424385, 0.04852772882816404]",DKRPRTLFSSEQLARLKREFNENRYLTERRRDQLDSELGLNEAQIKIWFQNKRAKIKK,,4.0,COMPLETE
188,188,,2023-09-15 00:30:03.772438,2023-09-15 00:30:11.940947,0 days 00:00:08.168509,False,False,False,False,True,False,False,False,False,False,False,False,False,True,,,,,4.0,PRUNED
189,189,,2023-09-15 00:30:11.950105,2023-09-15 00:30:17.221932,0 days 00:00:05.271827,False,False,False,False,False,False,False,False,True,False,False,False,False,True,,,,,4.0,PRUNED
190,190,,2023-09-15 00:30:17.228870,2023-09-15 00:30:21.747053,0 days 00:00:04.518183,False,False,False,False,True,False,False,False,False,False,False,False,False,True,,,,,4.0,PRUNED
191,191,,2023-09-15 00:30:21.759656,2023-09-15 00:30:27.869058,0 days 00:00:06.109402,False,False,False,False,True,False,False,False,False,False,False,False,False,True,,,,,4.0,PRUNED
192,192,-2.292707995077819,2023-09-15 00:30:27.877205,2023-09-15 01:51:42.903300,0 days 01:21:15.026095,False,False,False,False,False,True,False,True,False,False,False,False,False,True,/mmfs1/gscratch/cheme/usr/evankomp/repos/nomelt/tmp/optimize_random/enh_vs_random/6861974913866019975,"[-2.292707995077819, 0.02761380891782027]",DKRVRTLFSSEQLARLKREFNENRYLTERRRDQLSSELGLNEAQIKIWFQNKRAKIKK,,4.0,COMPLETE
193,193,,2023-09-15 01:16:11.717370,2023-09-15 01:16:14.010625,0 days 00:00:02.293255,False,False,False,False,True,False,False,False,False,False,False,False,False,True,,,,,4.0,PRUNED
194,194,,2023-09-15 01:16:14.017587,2023-09-15 01:16:15.174733,0 days 00:00:01.157146,False,False,False,False,False,False,False,False,True,False,False,False,False,True,,,,,4.0,PRUNED
195,195,,2023-09-15 01:16:15.180628,2023-09-15 01:16:24.612873,0 days 00:00:09.432245,False,False,False,False,True,False,False,False,False,False,False,False,False,True,,,,,4.0,PRUNED
196,196,,2023-09-15 01:16:24.618871,2023-09-15 01:16:33.566426,0 days 00:00:08.947555,False,False,False,False,True,False,False,False,False,False,False,False,False,True,,,,,4.0,PRUNED
197,197,,2023-09-15 01:16:33.575126,2023-09-15 01:16:37.761879,0 days 00:00:04.186753,False,False,False,False,False,False,False,True,False,True,False,False,False,True,,,,,4.0,PRUNED
198,198,-1.8797855629014264,2023-09-15 01:16:37.771207,2023-09-15 02:36:36.997704,0 days 01:19:59.226497,False,True,False,False,False,False,False,True,False,False,False,True,False,True,/mmfs1/gscratch/cheme/usr/evankomp/repos/nomelt/tmp/optimize_random/enh_vs_random/726421484437690088,"[-1.8797855629014264, 0.08773661132947372]",DKRPRTLFSSEQLARCKREFNENRYLTERRRDQLSSELGLNEAQIKIWRQNKRAKIKK,,4.0,COMPLETE
199,199,-2.2344743084772967,2023-09-15 01:20:36.876559,2023-09-15 02:40:54.801410,0 days 01:20:17.924851,False,True,False,False,False,False,False,False,False,False,False,False,False,True,/mmfs1/gscratch/cheme/usr/evankomp/repos/nomelt/tmp/optimize_random/enh_vs_random/8510999013571963299,"[-2.2344743084772967, 0.05146945962211768]",DKRPRTLFSSEQLARCKREFNENRYLTERRRQQLSSELGLNEAQIKIWFQNKRAKIKK,,4.0,COMPLETE
200,200,-2.2066343677441638,2023-09-15 01:23:08.545539,2023-09-15 02:43:26.651520,0 days 01:20:18.105981,False,False,False,False,False,True,False,True,False,True,False,False,False,True,/mmfs1/gscratch/cheme/usr/evankomp/repos/nomelt/tmp/optimize_random/enh_vs_random/3201958088690573721,"[-2.2066343677441638, 0.040251711467635745]",DKRVRTLFSSEQLARLKREFNENRYLTERRRDQLDSELGLNEAQIKIWFQNKRAKIKK,,4.0,COMPLETE
201,201,-1.9475643487214769,2023-09-15 01:42:08.824564,2023-09-15 03:06:41.618247,0 days 01:24:32.793683,False,False,False,False,False,False,True,False,False,False,False,True,False,True,/mmfs1/gscratch/cheme/usr/evankomp/repos/nomelt/tmp/optimize_random/enh_vs_random/8307306276708111353,"[-1.9475643487214769, 0.06609776876102826]",DKRPRTLFSSEQLARLKREFNENRYLTERRDQQLSSELGLNEAQIKIWRQNKRAKIKK,,4.0,COMPLETE
202,202,,2023-09-15 01:44:32.812157,2023-09-15 01:44:37.816017,0 days 00:00:05.003860,False,False,False,False,False,False,False,False,False,False,False,False,False,True,,,,,4.0,PRUNED
203,203,,2023-09-15 01:44:37.824529,2023-09-15 01:44:43.646452,0 days 00:00:05.821923,False,False,False,False,False,False,False,False,False,False,False,False,False,True,,,,,4.0,PRUNED
204,204,-2.2467515235917648,2023-09-15 01:44:43.658474,2023-09-15 03:09:00.132182,0 days 01:24:16.473708,False,False,False,False,True,True,False,True,False,False,True,False,False,True,/mmfs1/gscratch/cheme/usr/evankomp/repos/nomelt/tmp/optimize_random/enh_vs_random/-5478762201822634081,"[-2.2467515235917648, 0.05426123077485044]",DKRVRTLFSSEQLARLKREFNECRYLTERRRDQLSEELGLNEAQIKIWFQNKRAKIKK,,4.0,COMPLETE
205,205,-2.166153488803197,2023-09-15 01:46:54.355956,2023-09-15 03:11:23.681975,0 days 01:24:29.326019,False,False,False,False,False,False,True,False,False,False,False,False,False,True,/mmfs1/gscratch/cheme/usr/evankomp/repos/nomelt/tmp/optimize_random/enh_vs_random/-1596887800153357065,"[-2.166153488803197, 0.05914190524710743]",DKRPRTLFSSEQLARLKREFNENRYLTERRDQQLSSELGLNEAQIKIWFQNKRAKIKK,,4.0,COMPLETE
206,206,-1.9933153666426031,2023-09-15 01:51:42.914128,2023-09-15 03:15:59.171856,0 days 01:24:16.257728,False,False,False,False,False,False,True,True,False,False,False,True,False,True,/mmfs1/gscratch/cheme/usr/evankomp/repos/nomelt/tmp/optimize_random/enh_vs_random/2111266827801423081,"[-1.9933153666426031, 0.10098475297236735]",DKRPRTLFSSEQLARLKREFNENRYLTERRDDQLSSELGLNEAQIKIWRQNKRAKIKK,,4.0,COMPLETE
207,207,,2023-09-15 02:36:37.007145,2023-09-15 02:36:44.723588,0 days 00:00:07.716443,False,False,False,False,False,False,False,False,False,True,False,False,False,False,,,,,4.0,PRUNED
208,208,-2.1037432838143313,2023-09-15 02:36:44.734512,2023-09-15 03:59:20.004098,0 days 01:22:35.269586,False,True,False,False,False,False,True,False,False,False,False,False,False,True,/mmfs1/gscratch/cheme/usr/evankomp/repos/nomelt/tmp/optimize_random/enh_vs_random/355705547826173461,"[-2.1037432838143313, 0.05094180469506057]",DKRPRTLFSSEQLARCKREFNENRYLTERRDQQLSSELGLNEAQIKIWFQNKRAKIKK,,4.0,COMPLETE
209,209,,2023-09-15 02:40:54.813816,2023-09-15 02:41:02.353389,0 days 00:00:07.539573,False,False,False,False,False,False,False,False,False,False,False,False,False,False,,,,,4.0,PRUNED
210,210,,2023-09-15 02:41:02.366308,2023-09-15 02:41:06.010416,0 days 00:00:03.644108,False,False,False,False,False,False,False,False,False,False,False,False,False,True,,,,,4.0,PRUNED
211,211,,2023-09-15 02:41:06.017187,2023-09-15 02:41:06.708639,0 days 00:00:00.691452,False,False,False,False,True,True,False,True,False,False,False,False,False,True,,,,,4.0,PRUNED
212,212,-2.219463168065373,2023-09-15 02:41:06.718884,2023-09-15 04:01:25.529490,0 days 01:20:18.810606,False,False,False,False,False,False,False,False,False,False,False,False,True,True,/mmfs1/gscratch/cheme/usr/evankomp/repos/nomelt/tmp/optimize_random/enh_vs_random/4545759632766099706,"[-2.219463168065373, 0.09040231987156544]",DKRPRTLFSSEQLARLKREFNENRYLTERRRQQLSSELGLNEAQIKIWFQVKRAKIKK,,4.0,COMPLETE
213,213,,2023-09-15 02:43:26.656929,2023-09-15 02:43:32.888849,0 days 00:00:06.231920,False,False,False,False,False,False,True,False,True,False,False,False,False,True,,,,,4.0,PRUNED
214,214,,2023-09-15 02:43:32.897221,2023-09-15 02:43:33.711747,0 days 00:00:00.814526,False,False,False,False,False,False,False,False,False,False,False,False,False,True,,,,,4.0,PRUNED
215,215,,2023-09-15 02:43:33.721638,2023-09-15 02:43:40.712109,0 days 00:00:06.990471,False,True,False,False,False,False,True,False,False,False,False,False,False,True,,,,,4.0,PRUNED
216,216,,2023-09-15 02:43:40.723824,2023-09-15 02:43:48.637011,0 days 00:00:07.913187,False,False,False,False,False,True,False,True,False,False,False,False,False,True,,,,,4.0,PRUNED
217,217,,2023-09-15 02:43:48.647934,2023-09-15 02:43:49.012126,0 days 00:00:00.364192,False,False,False,False,False,False,False,False,False,False,False,False,False,True,,,,,4.0,PRUNED
218,218,,2023-09-15 02:43:49.019825,2023-09-15 02:43:57.555010,0 days 00:00:08.535185,False,False,False,False,False,False,False,True,False,False,False,False,False,True,,,,,4.0,PRUNED
219,219,,2023-09-15 02:43:57.562739,2023-09-15 02:43:59.223759,0 days 00:00:01.661020,False,False,False,False,False,False,False,True,False,True,False,False,False,True,,,,,4.0,PRUNED
220,220,,2023-09-15 02:43:59.230216,2023-09-15 02:44:07.407281,0 days 00:00:08.177065,False,False,False,False,False,False,False,True,False,False,False,False,False,True,,,,,4.0,PRUNED
221,221,,2023-09-15 02:44:07.418169,2023-09-15 02:44:10.053714,0 days 00:00:02.635545,False,False,False,False,False,False,False,True,True,False,False,False,False,True,,,,,4.0,PRUNED
222,222,-2.1852218163571457,2023-09-15 02:44:10.065526,2023-09-15 04:03:50.250934,0 days 01:19:40.185408,False,False,False,False,False,True,False,False,True,True,False,False,False,True,/mmfs1/gscratch/cheme/usr/evankomp/repos/nomelt/tmp/optimize_random/enh_vs_random/-1415399657848255588,"[-2.1852218163571457, 0.060658891722022636]",DKRVRTLFSSEQLARLKREFNENRYLTERRRQMLDSELGLNEAQIKIWFQNKRAKIKK,,4.0,COMPLETE
223,223,,2023-09-15 03:06:41.624765,2023-09-15 03:06:45.296955,0 days 00:00:03.672190,False,False,False,False,False,False,False,False,False,False,False,False,False,False,,,,,4.0,PRUNED
224,224,,2023-09-15 03:06:45.306359,2023-09-15 03:06:53.075112,0 days 00:00:07.768753,False,False,False,False,False,False,False,False,False,False,False,False,False,True,,,,,4.0,PRUNED
225,225,,2023-09-15 03:06:53.082176,2023-09-15 03:06:53.872976,0 days 00:00:00.790800,False,False,False,False,True,True,False,True,False,False,False,False,False,True,,,,,4.0,PRUNED
226,226,,2023-09-15 03:06:53.878312,2023-09-15 03:06:57.698439,0 days 00:00:03.820127,False,False,False,False,False,False,False,False,False,False,False,False,True,True,,,,,4.0,PRUNED
227,227,,2023-09-15 03:06:57.703453,2023-09-15 03:06:59.366317,0 days 00:00:01.662864,False,False,False,False,False,False,False,False,False,False,False,False,False,True,,,,,4.0,PRUNED
228,228,,2023-09-15 03:06:59.376025,2023-09-15 03:07:04.833348,0 days 00:00:05.457323,False,False,False,False,False,False,False,True,False,True,False,False,False,True,,,,,4.0,PRUNED
229,229,,2023-09-15 03:07:04.841921,2023-09-15 03:07:13.757846,0 days 00:00:08.915925,False,False,False,False,False,False,False,True,False,False,False,False,False,True,,,,,4.0,PRUNED
230,230,,2023-09-15 03:07:13.763646,2023-09-15 03:07:20.365810,0 days 00:00:06.602164,False,False,False,False,False,False,False,True,True,False,False,False,False,True,,,,,4.0,PRUNED
231,231,-2.325020441044071,2023-09-15 03:07:20.371274,2023-09-15 04:27:45.738622,0 days 01:20:25.367348,False,False,False,False,False,True,False,False,True,False,False,False,False,True,/mmfs1/gscratch/cheme/usr/evankomp/repos/nomelt/tmp/optimize_random/enh_vs_random/5222651808493159329,"[-2.325020441044071, 0.022340324736876752]",DKRVRTLFSSEQLARLKREFNENRYLTERRRQMLSSELGLNEAQIKIWFQNKRAKIKK,,4.0,COMPLETE
232,232,,2023-09-15 03:09:00.137749,2023-09-15 03:09:07.760038,0 days 00:00:07.622289,False,False,False,False,False,False,False,False,False,False,False,False,True,True,,,,,4.0,PRUNED
233,233,,2023-09-15 03:09:07.765805,2023-09-15 03:09:13.123625,0 days 00:00:05.357820,False,False,False,False,False,False,False,False,False,False,False,False,False,True,,,,,4.0,PRUNED
234,234,,2023-09-15 03:09:13.126964,2023-09-15 03:09:18.541561,0 days 00:00:05.414597,False,False,False,False,False,False,False,True,False,True,False,False,False,True,,,,,4.0,PRUNED
235,235,,2023-09-15 03:09:18.547135,2023-09-15 03:09:21.944340,0 days 00:00:03.397205,False,False,False,False,False,False,False,True,False,False,False,False,False,True,,,,,4.0,PRUNED
236,236,,2023-09-15 03:09:21.950928,2023-09-15 03:09:25.324772,0 days 00:00:03.373844,False,False,False,False,False,False,False,True,True,False,False,False,False,True,,,,,4.0,PRUNED
237,237,,2023-09-15 03:09:25.333377,2023-09-15 03:09:30.575955,0 days 00:00:05.242578,False,False,False,False,False,True,False,False,True,False,False,False,False,True,,,,,4.0,PRUNED
238,238,-2.3084422963255764,2023-09-15 03:09:30.585345,2023-09-15 04:30:11.962810,0 days 01:20:41.377465,False,False,False,False,True,True,False,False,False,False,True,False,False,True,/mmfs1/gscratch/cheme/usr/evankomp/repos/nomelt/tmp/optimize_random/enh_vs_random/21819095597823465,"[-2.3084422963255764, 0.04016337058480568]",DKRVRTLFSSEQLARLKREFNECRYLTERRRQQLSEELGLNEAQIKIWFQNKRAKIKK,,4.0,COMPLETE
239,239,-2.2205674568483325,2023-09-15 03:11:23.687593,2023-09-15 04:32:33.384181,0 days 01:21:09.696588,False,False,False,False,False,False,False,False,False,True,False,False,False,True,/mmfs1/gscratch/cheme/usr/evankomp/repos/nomelt/tmp/optimize_random/enh_vs_random/4515928009886316527,"[-2.2205674568483325, 0.041202193256521344]",DKRPRTLFSSEQLARLKREFNENRYLTERRRQQLDSELGLNEAQIKIWFQNKRAKIKK,,4.0,COMPLETE
240,240,,2023-09-15 03:15:59.184247,2023-09-15 03:16:03.758322,0 days 00:00:04.574075,False,False,False,False,False,False,False,False,False,True,False,False,False,True,,,,,4.0,PRUNED
241,241,,2023-09-15 03:16:03.767146,2023-09-15 03:16:03.971703,0 days 00:00:00.204557,False,True,False,False,False,False,False,False,False,False,False,False,False,True,,,,,4.0,PRUNED
242,242,-2.2368137427961443,2023-09-15 03:16:03.980559,2023-09-15 04:37:20.375701,0 days 01:21:16.395142,False,False,False,False,False,True,False,True,True,False,True,False,False,True,/mmfs1/gscratch/cheme/usr/evankomp/repos/nomelt/tmp/optimize_random/enh_vs_random/-8466311688253999258,"[-2.2368137427961443, 0.03448872729988417]",DKRVRTLFSSEQLARLKREFNENRYLTERRRDMLSEELGLNEAQIKIWFQNKRAKIKK,,4.0,COMPLETE
243,243,,2023-09-15 03:59:20.011461,2023-09-15 03:59:26.843813,0 days 00:00:06.832352,False,False,False,False,True,True,False,True,False,False,True,False,False,True,,,,,5.0,PRUNED
244,244,-2.330244582483435,2023-09-15 03:59:26.850235,2023-09-15 05:19:48.711692,0 days 01:20:21.861457,False,False,False,False,True,True,False,False,False,False,False,False,False,True,/mmfs1/gscratch/cheme/usr/evankomp/repos/nomelt/tmp/optimize_random/enh_vs_random/-938626156396877429,"[-2.330244582483435, 0.0323762898833842]",DKRVRTLFSSEQLARLKREFNECRYLTERRRQQLSSELGLNEAQIKIWFQNKRAKIKK,,5.0,COMPLETE
245,245,,2023-09-15 04:01:25.541341,2023-09-15 04:01:27.532968,0 days 00:00:01.991627,False,False,False,False,False,False,False,True,True,False,False,False,False,True,,,,,5.0,PRUNED
246,246,-1.835430876105997,2023-09-15 04:01:27.540402,2023-09-15 05:22:03.734829,0 days 01:20:36.194427,True,False,False,False,True,True,False,True,False,True,True,False,False,True,/mmfs1/gscratch/cheme/usr/evankomp/repos/nomelt/tmp/optimize_random/enh_vs_random/-2995365233137268000,"[-1.835430876105997, 0.06266550556922959]",DKRVRTLFSSECLARLKREFNECRYLTERRRDQLDEELGLNEAQIKIWFQNKRAKIKK,,5.0,COMPLETE
247,247,,2023-09-15 04:03:50.261174,2023-09-15 04:03:55.261231,0 days 00:00:05.000057,False,False,False,False,False,False,False,True,False,False,False,False,False,True,,,,,5.0,PRUNED
248,248,-2.1449520356396157,2023-09-15 04:03:55.270777,2023-09-15 05:24:08.940040,0 days 01:20:13.669263,False,False,False,False,False,False,False,True,False,False,False,True,False,True,/mmfs1/gscratch/cheme/usr/evankomp/repos/nomelt/tmp/optimize_random/enh_vs_random/-6458478829272333441,"[-2.1449520356396157, 0.04554231597763637]",DKRPRTLFSSEQLARLKREFNENRYLTERRRDQLSSELGLNEAQIKIWRQNKRAKIKK,,5.0,COMPLETE
249,249,,2023-09-15 04:27:45.742805,2023-09-15 04:27:48.513001,0 days 00:00:02.770196,False,False,False,False,False,False,False,True,False,False,False,False,False,True,,,,,5.0,PRUNED
250,250,-2.044771978513541,2023-09-15 04:27:48.524242,2023-09-15 05:49:18.648663,0 days 01:21:30.124421,True,False,False,False,False,False,False,True,False,False,False,False,False,True,/mmfs1/gscratch/cheme/usr/evankomp/repos/nomelt/tmp/optimize_random/enh_vs_random/-377319822651595220,"[-2.044771978513541, 0.0772465696700116]",DKRPRTLFSSECLARLKREFNENRYLTERRRDQLSSELGLNEAQIKIWFQNKRAKIKK,,5.0,COMPLETE
251,251,-2.062561519589576,2023-09-15 04:30:11.969236,2023-09-15 05:51:28.363062,0 days 01:21:16.393826,False,False,False,False,True,True,False,True,False,False,False,True,False,True,/mmfs1/gscratch/cheme/usr/evankomp/repos/nomelt/tmp/optimize_random/enh_vs_random/-2747079582478831849,"[-2.062561519589576, 0.05650987336664582]",DKRVRTLFSSEQLARLKREFNECRYLTERRRDQLSSELGLNEAQIKIWRQNKRAKIKK,,5.0,COMPLETE
252,252,,2023-09-15 04:32:33.391728,2023-09-15 04:32:42.458158,0 days 00:00:09.066430,False,False,False,False,True,False,False,False,False,False,False,False,False,True,,,,,5.0,PRUNED
253,253,,2023-09-15 04:32:42.462038,2023-09-15 04:32:45.688626,0 days 00:00:03.226588,False,False,False,False,False,False,False,True,True,False,False,False,False,True,,,,,5.0,PRUNED
254,254,,2023-09-15 04:32:45.697585,2023-09-15 04:32:49.310157,0 days 00:00:03.612572,False,False,False,False,True,True,False,False,False,False,False,False,False,True,,,,,5.0,PRUNED
255,255,,2023-09-15 04:32:49.316327,2023-09-15 04:32:56.219120,0 days 00:00:06.902793,False,False,False,False,False,False,False,False,False,False,False,False,False,True,,,,,5.0,PRUNED
256,256,-2.010016584410839,2023-09-15 04:32:56.228404,2023-09-15 05:53:50.545852,0 days 01:20:54.317448,True,False,False,False,False,False,False,True,False,False,True,False,False,True,/mmfs1/gscratch/cheme/usr/evankomp/repos/nomelt/tmp/optimize_random/enh_vs_random/-6747057469981584214,"[-2.010016584410839, 0.0941246883905434]",DKRPRTLFSSECLARLKREFNENRYLTERRRDQLSEELGLNEAQIKIWFQNKRAKIKK,,5.0,COMPLETE
257,257,-2.208535742135189,2023-09-15 04:37:20.381957,2023-09-15 05:57:58.444826,0 days 01:20:38.062869,False,False,False,False,True,True,False,False,False,False,False,False,True,True,/mmfs1/gscratch/cheme/usr/evankomp/repos/nomelt/tmp/optimize_random/enh_vs_random/144917995030067849,"[-2.208535742135189, 0.07297123596647132]",DKRVRTLFSSEQLARLKREFNECRYLTERRRQQLSSELGLNEAQIKIWFQVKRAKIKK,,5.0,COMPLETE
258,258,,2023-09-15 05:19:48.717792,2023-09-15 05:19:51.645673,0 days 00:00:02.927881,False,False,False,False,False,False,False,False,False,False,False,False,False,True,,,,,5.0,PRUNED
259,259,-1.9143670555013217,2023-09-15 05:19:51.652252,2023-09-15 06:38:21.237986,0 days 01:18:29.585734,True,False,False,False,False,False,False,True,False,True,True,False,False,True,/mmfs1/gscratch/cheme/usr/evankomp/repos/nomelt/tmp/optimize_random/enh_vs_random/-6446233450235855486,"[-1.9143670555013217, 0.07882787725558256]",DKRPRTLFSSECLARLKREFNENRYLTERRRDQLDEELGLNEAQIKIWFQNKRAKIKK,,5.0,COMPLETE
260,260,,2023-09-15 05:22:03.741560,2023-09-15 05:22:05.001859,0 days 00:00:01.260299,False,False,False,False,True,True,False,False,False,False,False,False,False,True,,,,,5.0,PRUNED
261,261,,2023-09-15 05:22:05.010384,2023-09-15 05:22:09.925804,0 days 00:00:04.915420,False,False,False,False,False,False,False,True,False,False,False,False,False,True,,,,,5.0,PRUNED
262,262,-2.191752767042275,2023-09-15 05:22:09.936826,2023-09-15 06:40:37.367883,0 days 01:18:27.431057,False,False,False,False,False,False,False,False,True,True,False,False,False,True,/mmfs1/gscratch/cheme/usr/evankomp/repos/nomelt/tmp/optimize_random/enh_vs_random/-1495849068395845151,"[-2.191752767042275, 0.0327454554050529]",DKRPRTLFSSEQLARLKREFNENRYLTERRRQMLDSELGLNEAQIKIWFQNKRAKIKK,,5.0,COMPLETE
263,263,,2023-09-15 05:24:08.947012,2023-09-15 05:24:09.222083,0 days 00:00:00.275071,False,False,False,False,False,False,False,False,True,False,False,False,False,True,,,,,5.0,PRUNED
264,264,,2023-09-15 05:24:09.235452,2023-09-15 05:24:18.040043,0 days 00:00:08.804591,False,False,False,False,False,False,False,True,False,False,False,False,False,True,,,,,5.0,PRUNED
265,265,,2023-09-15 05:24:18.045761,2023-09-15 05:24:26.771407,0 days 00:00:08.725646,False,False,False,False,False,False,True,True,False,False,False,False,False,True,,,,,5.0,PRUNED
266,266,,2023-09-15 05:24:26.779340,2023-09-15 05:24:32.949083,0 days 00:00:06.169743,False,False,False,True,False,False,False,True,False,False,False,False,False,True,,,,,5.0,PRUNED
267,267,-2.292649732490125,2023-09-15 05:24:32.961060,2023-09-15 06:42:48.037131,0 days 01:18:15.076071,False,False,False,False,True,False,False,False,True,False,False,False,False,True,/mmfs1/gscratch/cheme/usr/evankomp/repos/nomelt/tmp/optimize_random/enh_vs_random/4935022630413073790,"[-2.292649732490125, 0.016264648591539907]",DKRPRTLFSSEQLARLKREFNECRYLTERRRQMLSSELGLNEAQIKIWFQNKRAKIKK,,5.0,COMPLETE
